-- --------------------------------------------------------
-- Host:                         127.0.0.1
-- Server version:               5.0.17-nt - MySQL Community Edition (GPL)
-- Server OS:                    Win32
-- HeidiSQL Version:             9.3.0.5023
-- --------------------------------------------------------

/*!40101 SET @OLD_CHARACTER_SET_CLIENT=@@CHARACTER_SET_CLIENT */;
/*!40101 SET NAMES utf8 */;
/*!40014 SET @OLD_FOREIGN_KEY_CHECKS=@@FOREIGN_KEY_CHECKS, FOREIGN_KEY_CHECKS=0 */;
/*!40101 SET @OLD_SQL_MODE=@@SQL_MODE, SQL_MODE='NO_AUTO_VALUE_ON_ZERO' */;

-- Dumping structure for table tatamasa_live.budget_cflow
CREATE TABLE IF NOT EXISTS `budget_cflow` (
  `tahun` char(4) default NULL,
  `id_proyek` char(3) default NULL,
  `kode_cflow` char(50) default NULL,
  `jan` decimal(15,2) default '0.00',
  `feb` decimal(15,2) default '0.00',
  `mar` decimal(15,2) default '0.00',
  `apr` decimal(15,2) default '0.00',
  `mei` decimal(15,2) default '0.00',
  `jun` decimal(15,2) default '0.00',
  `jul` decimal(15,2) default '0.00',
  `agu` decimal(15,2) default '0.00',
  `sep` decimal(15,2) default '0.00',
  `okt` decimal(15,2) default '0.00',
  `nov` decimal(15,2) default '0.00',
  `des` decimal(15,2) default '0.00',
  `terpakai` decimal(15,2) default '0.00',
  `saldo` decimal(15,2) default '0.00'
) ENGINE=InnoDB DEFAULT CHARSET=latin1 ROW_FORMAT=COMPACT;

-- Dumping data for table tatamasa_live.budget_cflow: ~145 rows (approximately)
/*!40000 ALTER TABLE `budget_cflow` DISABLE KEYS */;
REPLACE INTO `budget_cflow` (`tahun`, `id_proyek`, `kode_cflow`, `jan`, `feb`, `mar`, `apr`, `mei`, `jun`, `jul`, `agu`, `sep`, `okt`, `nov`, `des`, `terpakai`, `saldo`) VALUES
	('2016', '003', '1', 0.00, 0.00, 0.00, 0.00, 0.00, 0.00, 0.00, 0.00, 0.00, 0.00, 0.00, 0.00, 0.00, 0.00),
	('2016', '003', '101', 0.00, 0.00, 0.00, 0.00, 0.00, 0.00, 0.00, 0.00, 0.00, 0.00, 0.00, 0.00, 0.00, 0.00),
	('2016', '003', '10101', 0.00, 0.00, 0.00, 0.00, 0.00, 0.00, 0.00, 0.00, 0.00, 0.00, 0.00, 0.00, 0.00, 0.00),
	('2016', '003', '1010101', 10000000.00, 10000000.00, 10000000.00, 9000000.00, 9000000.00, 9000000.00, 16000000.00, 16000000.00, 16000000.00, 17000000.00, 17000000.00, 17000000.00, 0.00, 156000000.00),
	('2016', '003', '1010102', 208478600.00, 208478600.00, 208478600.00, 226152067.00, 226152067.00, 226152067.00, 298732000.00, 298732000.00, 298732000.00, 408165900.00, 408165900.00, 408165900.00, 0.00, 3424585701.00),
	('2016', '003', '1010103', 1145147200.00, 1145147200.00, 1145147200.00, 767908267.00, 767908267.00, 767908267.00, 979920533.00, 979920533.00, 979920533.00, 901296000.00, 901296000.00, 901296000.00, 0.00, 11382816000.00),
	('2016', '003', '1010104', 119373100.00, 119373100.00, 119373100.00, 119373100.00, 119373100.00, 119373100.00, 180672800.00, 180672800.00, 180672800.00, 183899100.00, 183899100.00, 183899100.00, 0.00, 1809954300.00),
	('2016', '003', '10102', 0.00, 0.00, 0.00, 0.00, 0.00, 0.00, 0.00, 0.00, 0.00, 0.00, 0.00, 0.00, 0.00, 0.00),
	('2016', '003', '1010201', 0.00, 0.00, 0.00, 0.00, 0.00, 0.00, 0.00, 0.00, 0.00, 0.00, 0.00, 0.00, 0.00, 0.00),
	('2016', '003', '10103', 0.00, 0.00, 0.00, 0.00, 0.00, 0.00, 0.00, 0.00, 0.00, 0.00, 0.00, 0.00, 0.00, 0.00),
	('2016', '003', '1010301', 500000.00, 500000.00, 500000.00, 500000.00, 500000.00, 500000.00, 500000.00, 500000.00, 500000.00, 500000.00, 500000.00, 500000.00, 0.00, 6000000.00),
	('2016', '003', '1010302', 0.00, 0.00, 0.00, 0.00, 0.00, 0.00, 0.00, 0.00, 0.00, 0.00, 0.00, 0.00, 0.00, 0.00),
	('2016', '003', '102', 0.00, 0.00, 0.00, 0.00, 0.00, 0.00, 0.00, 0.00, 0.00, 0.00, 0.00, 0.00, 0.00, 0.00),
	('2016', '003', '10201', 0.00, 0.00, 0.00, 0.00, 0.00, 0.00, 0.00, 0.00, 0.00, 0.00, 0.00, 0.00, 0.00, 0.00),
	('2016', '003', '1020101', 0.00, 0.00, 0.00, 0.00, 0.00, 0.00, 0.00, 0.00, 0.00, 0.00, 0.00, 0.00, 0.00, 0.00),
	('2016', '003', '1020102', 0.00, 0.00, 0.00, 0.00, 0.00, 0.00, 0.00, 0.00, 0.00, 0.00, 0.00, 0.00, 0.00, 0.00),
	('2016', '003', '102010201', 0.00, 0.00, 0.00, 0.00, 0.00, 0.00, 0.00, 0.00, 0.00, 0.00, 0.00, 0.00, 0.00, 0.00),
	('2016', '003', '10201020101', 92308333.00, 92308333.00, 92308333.00, 138462500.00, 138462500.00, 138462500.00, 156924167.00, 156924167.00, 156924167.00, 138462500.00, 138462500.00, 138462500.00, 0.00, 1578472500.00),
	('2016', '003', '10201020102', 89440000.00, 89440000.00, 89440000.00, 134160000.00, 134160000.00, 134160000.00, 152048000.00, 152048000.00, 152048000.00, 134160000.00, 134160000.00, 134160000.00, 0.00, 1529424000.00),
	('2016', '003', '10201020103', 45760000.00, 45760000.00, 45760000.00, 68640000.00, 68640000.00, 68640000.00, 77792000.00, 77792000.00, 77792000.00, 68640000.00, 68640000.00, 68640000.00, 0.00, 782496000.00),
	('2016', '003', '10201020104', 277333333.00, 277333333.00, 277333333.00, 416000000.00, 416000000.00, 416000000.00, 471466667.00, 471466667.00, 471466667.00, 416000000.00, 416000000.00, 416000000.00, 0.00, 4742400000.00),
	('2016', '003', '102010202', 59000000.00, 59000000.00, 59000000.00, 0.00, 0.00, 0.00, 0.00, 0.00, 0.00, 0.00, 0.00, 0.00, 0.00, 177000000.00),
	('2016', '003', '102010203', 0.00, 0.00, 0.00, 78666667.00, 78666667.00, 78666667.00, 78666667.00, 78666667.00, 78666667.00, 78666667.00, 78666667.00, 78666667.00, 0.00, 708000003.00),
	('2016', '003', '1020103', 0.00, 0.00, 0.00, 0.00, 0.00, 0.00, 0.00, 0.00, 0.00, 0.00, 0.00, 0.00, 0.00, 0.00),
	('2016', '003', '1020104', 0.00, 0.00, 0.00, 0.00, 0.00, 0.00, 0.00, 0.00, 0.00, 0.00, 0.00, 0.00, 0.00, 0.00),
	('2016', '003', '102010401', 0.00, 0.00, 0.00, 0.00, 0.00, 0.00, 0.00, 0.00, 0.00, 0.00, 0.00, 0.00, 0.00, 0.00),
	('2016', '003', '102010402', 0.00, 0.00, 0.00, 0.00, 0.00, 0.00, 0.00, 0.00, 0.00, 0.00, 0.00, 0.00, 0.00, 0.00),
	('2016', '003', '102010403', 145972500.00, 145972500.00, 145972500.00, 145972500.00, 145972500.00, 145972500.00, 0.00, 0.00, 0.00, 0.00, 0.00, 0.00, 0.00, 875835000.00),
	('2016', '003', '102010404', 40547917.00, 40547917.00, 40547917.00, 40547917.00, 40547917.00, 40547917.00, 0.00, 0.00, 0.00, 0.00, 0.00, 0.00, 0.00, 243287502.00),
	('2016', '003', '102010405', 19463000.00, 19463000.00, 19463000.00, 0.00, 0.00, 0.00, 19463000.00, 19463000.00, 19463000.00, 0.00, 0.00, 0.00, 0.00, 116778000.00),
	('2016', '003', '102010406', 48657500.00, 48657500.00, 48657500.00, 0.00, 0.00, 0.00, 48657500.00, 48657500.00, 48657500.00, 0.00, 0.00, 0.00, 0.00, 291945000.00),
	('2016', '003', '102010407', 38926000.00, 38926000.00, 38926000.00, 38926000.00, 38926000.00, 38926000.00, 0.00, 0.00, 0.00, 0.00, 0.00, 0.00, 0.00, 233556000.00),
	('2016', '003', '102010408', 0.00, 0.00, 0.00, 0.00, 0.00, 0.00, 58389000.00, 58389000.00, 58389000.00, 58389000.00, 58389000.00, 58389000.00, 0.00, 350334000.00),
	('2016', '003', '1020105', 0.00, 0.00, 0.00, 0.00, 0.00, 0.00, 0.00, 0.00, 0.00, 0.00, 0.00, 0.00, 0.00, 0.00),
	('2016', '003', '102010501', 0.00, 0.00, 0.00, 0.00, 0.00, 0.00, 0.00, 0.00, 0.00, 0.00, 0.00, 0.00, 0.00, 0.00),
	('2016', '003', '102010502', 0.00, 0.00, 0.00, 0.00, 0.00, 0.00, 0.00, 0.00, 0.00, 0.00, 0.00, 0.00, 0.00, 0.00),
	('2016', '003', '102010503', 0.00, 0.00, 0.00, 0.00, 0.00, 0.00, 0.00, 0.00, 0.00, 0.00, 0.00, 0.00, 0.00, 0.00),
	('2016', '003', '102010504', 0.00, 0.00, 0.00, 0.00, 0.00, 0.00, 0.00, 0.00, 0.00, 0.00, 0.00, 0.00, 0.00, 0.00),
	('2016', '003', '102010505', 2500000.00, 2500000.00, 2500000.00, 2500000.00, 2500000.00, 2500000.00, 2500000.00, 2500000.00, 2500000.00, 2500000.00, 2500000.00, 2500000.00, 0.00, 30000000.00),
	('2016', '003', '102010506', 0.00, 0.00, 0.00, 0.00, 0.00, 0.00, 0.00, 0.00, 0.00, 0.00, 0.00, 0.00, 0.00, 0.00),
	('2016', '003', '10202', 0.00, 0.00, 0.00, 0.00, 0.00, 0.00, 0.00, 0.00, 0.00, 0.00, 0.00, 0.00, 0.00, 0.00),
	('2016', '003', '1020201', 0.00, 0.00, 0.00, 0.00, 0.00, 0.00, 0.00, 0.00, 0.00, 0.00, 0.00, 0.00, 0.00, 0.00),
	('2016', '003', '102020101', 32606844.00, 32606844.00, 32606844.00, 30149828.00, 30149828.00, 30149828.00, 54034320.00, 54034320.00, 54034320.00, 59371453.00, 59371453.00, 59371453.00, 0.00, 528487335.00),
	('2016', '003', '102020102', 0.00, 0.00, 0.00, 0.00, 0.00, 0.00, 0.00, 0.00, 0.00, 0.00, 0.00, 0.00, 0.00, 0.00),
	('2016', '003', '102020103', 0.00, 0.00, 0.00, 0.00, 0.00, 0.00, 0.00, 0.00, 0.00, 0.00, 0.00, 0.00, 0.00, 0.00),
	('2016', '003', '1020202', 0.00, 0.00, 0.00, 0.00, 0.00, 0.00, 0.00, 0.00, 0.00, 0.00, 0.00, 0.00, 0.00, 0.00),
	('2016', '003', '102020201', 33606844.00, 33606844.00, 33606844.00, 31149828.00, 31149828.00, 31149828.00, 55034320.00, 55034320.00, 55034320.00, 60371453.00, 60371453.00, 60371453.00, 0.00, 540487335.00),
	('2016', '003', '102020202', 0.00, 0.00, 0.00, 0.00, 0.00, 0.00, 0.00, 0.00, 0.00, 0.00, 0.00, 0.00, 0.00, 0.00),
	('2016', '003', '102020203', 0.00, 0.00, 0.00, 0.00, 0.00, 0.00, 0.00, 0.00, 0.00, 0.00, 0.00, 0.00, 0.00, 0.00),
	('2016', '003', '1020203', 1000000.00, 1000000.00, 1000000.00, 1000000.00, 1000000.00, 1000000.00, 1000000.00, 1000000.00, 1000000.00, 1000000.00, 1000000.00, 1000000.00, 0.00, 12000000.00),
	('2016', '003', '10203', 0.00, 0.00, 0.00, 0.00, 0.00, 0.00, 0.00, 0.00, 0.00, 0.00, 0.00, 0.00, 0.00, 0.00),
	('2016', '003', '1020301', 0.00, 0.00, 0.00, 0.00, 0.00, 0.00, 0.00, 0.00, 0.00, 0.00, 0.00, 0.00, 0.00, 0.00),
	('2016', '003', '102030101', 0.00, 0.00, 0.00, 0.00, 0.00, 0.00, 0.00, 0.00, 0.00, 0.00, 0.00, 0.00, 0.00, 0.00),
	('2016', '003', '10203010101', 19722500.00, 19722500.00, 19722500.00, 19722500.00, 19722500.00, 39445000.00, 19722500.00, 19722500.00, 19722500.00, 19722500.00, 19722500.00, 19722500.00, 0.00, 256392500.00),
	('2016', '003', '102030102', 0.00, 0.00, 0.00, 0.00, 0.00, 0.00, 0.00, 0.00, 0.00, 0.00, 0.00, 0.00, 0.00, 0.00),
	('2016', '003', '10203010201', 750000.00, 750000.00, 750000.00, 750000.00, 750000.00, 750000.00, 750000.00, 750000.00, 750000.00, 750000.00, 750000.00, 750000.00, 0.00, 9000000.00),
	('2016', '003', '10203010202', 0.00, 0.00, 4400000.00, 0.00, 0.00, 0.00, 0.00, 0.00, 4400000.00, 0.00, 0.00, 0.00, 0.00, 8800000.00),
	('2016', '003', '102030103', 350000.00, 350000.00, 350000.00, 350000.00, 350000.00, 350000.00, 350000.00, 350000.00, 350000.00, 350000.00, 350000.00, 350000.00, 0.00, 4200000.00),
	('2016', '003', '102030104', 0.00, 0.00, 0.00, 0.00, 0.00, 0.00, 0.00, 0.00, 0.00, 0.00, 0.00, 0.00, 0.00, 0.00),
	('2016', '003', '102030105', 0.00, 0.00, 0.00, 0.00, 0.00, 0.00, 0.00, 0.00, 0.00, 0.00, 0.00, 0.00, 0.00, 0.00),
	('2016', '003', '102030106', 0.00, 0.00, 0.00, 0.00, 0.00, 0.00, 0.00, 0.00, 0.00, 0.00, 0.00, 0.00, 0.00, 0.00),
	('2016', '003', '102030107', 0.00, 0.00, 0.00, 0.00, 0.00, 0.00, 0.00, 0.00, 0.00, 0.00, 0.00, 0.00, 0.00, 0.00),
	('2016', '003', '1020302', 0.00, 0.00, 0.00, 0.00, 0.00, 0.00, 0.00, 0.00, 0.00, 0.00, 0.00, 0.00, 0.00, 0.00),
	('2016', '003', '102030201', 0.00, 0.00, 0.00, 0.00, 0.00, 0.00, 0.00, 0.00, 0.00, 0.00, 0.00, 0.00, 0.00, 0.00),
	('2016', '003', '102030202', 0.00, 0.00, 0.00, 0.00, 0.00, 0.00, 0.00, 0.00, 0.00, 0.00, 0.00, 0.00, 0.00, 0.00),
	('2016', '003', '102030203', 0.00, 0.00, 0.00, 0.00, 0.00, 0.00, 0.00, 0.00, 0.00, 0.00, 0.00, 0.00, 0.00, 0.00),
	('2016', '003', '102030204', 0.00, 0.00, 0.00, 0.00, 0.00, 0.00, 0.00, 0.00, 0.00, 0.00, 0.00, 0.00, 0.00, 0.00),
	('2016', '003', '102030205', 0.00, 0.00, 0.00, 0.00, 0.00, 0.00, 0.00, 0.00, 0.00, 0.00, 0.00, 0.00, 0.00, 0.00),
	('2016', '003', '102030206', 0.00, 0.00, 0.00, 0.00, 0.00, 0.00, 0.00, 0.00, 0.00, 0.00, 0.00, 0.00, 0.00, 0.00),
	('2016', '003', '102030207', 0.00, 0.00, 0.00, 0.00, 0.00, 0.00, 0.00, 0.00, 0.00, 0.00, 0.00, 0.00, 0.00, 0.00),
	('2016', '003', '102030208', 0.00, 0.00, 0.00, 0.00, 0.00, 0.00, 0.00, 0.00, 0.00, 0.00, 0.00, 0.00, 0.00, 0.00),
	('2016', '003', '1020303', 0.00, 0.00, 0.00, 0.00, 0.00, 0.00, 0.00, 0.00, 0.00, 0.00, 0.00, 0.00, 0.00, 0.00),
	('2016', '003', '102030301', 916637.00, 916637.00, 916637.00, 916637.00, 916637.00, 916637.00, 916637.00, 916637.00, 916637.00, 916637.00, 916637.00, 916637.00, 0.00, 10999644.00),
	('2016', '003', '102030302', 0.00, 0.00, 0.00, 0.00, 0.00, 0.00, 0.00, 0.00, 0.00, 0.00, 0.00, 0.00, 0.00, 0.00),
	('2016', '003', '102030303', 0.00, 0.00, 0.00, 0.00, 0.00, 0.00, 0.00, 0.00, 0.00, 0.00, 0.00, 0.00, 0.00, 0.00),
	('2016', '003', '102030304', 1030260.00, 1030260.00, 1030260.00, 1030260.00, 1030260.00, 1030260.00, 1030260.00, 1030260.00, 1030260.00, 1030260.00, 1030260.00, 1030260.00, 0.00, 12363120.00),
	('2016', '003', '102030305', 0.00, 0.00, 0.00, 0.00, 0.00, 0.00, 0.00, 0.00, 0.00, 0.00, 0.00, 0.00, 0.00, 0.00),
	('2016', '003', '1020304', 0.00, 0.00, 0.00, 0.00, 0.00, 0.00, 0.00, 0.00, 0.00, 0.00, 0.00, 0.00, 0.00, 0.00),
	('2016', '003', '102030401', 0.00, 0.00, 0.00, 0.00, 0.00, 0.00, 0.00, 0.00, 0.00, 0.00, 0.00, 0.00, 0.00, 0.00),
	('2016', '003', '102030402', 0.00, 0.00, 0.00, 0.00, 0.00, 0.00, 0.00, 0.00, 0.00, 0.00, 0.00, 0.00, 0.00, 0.00),
	('2016', '003', '102030403', 5000000.00, 0.00, 0.00, 0.00, 0.00, 2000000.00, 0.00, 0.00, 0.00, 0.00, 1000000.00, 0.00, 0.00, 8000000.00),
	('2016', '003', '102030404', 0.00, 0.00, 0.00, 0.00, 0.00, 0.00, 0.00, 0.00, 0.00, 0.00, 0.00, 0.00, 0.00, 0.00),
	('2016', '003', '1020305', 0.00, 0.00, 0.00, 0.00, 0.00, 0.00, 0.00, 0.00, 0.00, 0.00, 0.00, 0.00, 0.00, 0.00),
	('2016', '003', '102030501', 2500000.00, 2500000.00, 2500000.00, 2500000.00, 2500000.00, 2500000.00, 2500000.00, 2500000.00, 2500000.00, 2500000.00, 2500000.00, 2500000.00, 0.00, 30000000.00),
	('2016', '003', '102030502', 750000.00, 750000.00, 750000.00, 750000.00, 750000.00, 750000.00, 750000.00, 750000.00, 750000.00, 750000.00, 750000.00, 750000.00, 0.00, 9000000.00),
	('2016', '003', '102030503', 0.00, 0.00, 0.00, 0.00, 0.00, 0.00, 0.00, 0.00, 0.00, 0.00, 0.00, 0.00, 0.00, 0.00),
	('2016', '003', '102030504', 250000.00, 250000.00, 250000.00, 250000.00, 250000.00, 250000.00, 250000.00, 250000.00, 250000.00, 250000.00, 250000.00, 250000.00, 0.00, 3000000.00),
	('2016', '003', '102030505', 0.00, 0.00, 0.00, 0.00, 0.00, 0.00, 0.00, 0.00, 0.00, 0.00, 0.00, 0.00, 0.00, 0.00),
	('2016', '003', '102030506', 0.00, 0.00, 0.00, 0.00, 0.00, 0.00, 0.00, 0.00, 0.00, 0.00, 0.00, 0.00, 0.00, 0.00),
	('2016', '003', '1020306', 0.00, 0.00, 0.00, 0.00, 0.00, 0.00, 0.00, 0.00, 0.00, 0.00, 0.00, 0.00, 0.00, 0.00),
	('2016', '003', '1020307', 0.00, 0.00, 0.00, 0.00, 0.00, 0.00, 0.00, 0.00, 0.00, 0.00, 0.00, 0.00, 0.00, 0.00),
	('2016', '003', '1020308', 4100000.00, 4100000.00, 4100000.00, 4100000.00, 4100000.00, 4100000.00, 4100000.00, 4100000.00, 4100000.00, 4100000.00, 4100000.00, 4100000.00, 0.00, 49200000.00),
	('2016', '003', '1020309', 0.00, 0.00, 0.00, 0.00, 0.00, 0.00, 0.00, 0.00, 0.00, 0.00, 0.00, 1000000.00, 0.00, 1000000.00),
	('2016', '003', '1020310', 0.00, 0.00, 0.00, 0.00, 0.00, 0.00, 0.00, 0.00, 0.00, 0.00, 0.00, 0.00, 0.00, 0.00),
	('2016', '003', '102031001', 0.00, 0.00, 0.00, 0.00, 0.00, 0.00, 0.00, 0.00, 0.00, 0.00, 0.00, 0.00, 0.00, 0.00),
	('2016', '003', '102031002', 0.00, 0.00, 0.00, 0.00, 0.00, 0.00, 0.00, 0.00, 0.00, 0.00, 0.00, 0.00, 0.00, 0.00),
	('2016', '003', '102031003', 0.00, 0.00, 0.00, 0.00, 0.00, 0.00, 0.00, 0.00, 0.00, 0.00, 0.00, 0.00, 0.00, 0.00),
	('2016', '003', '102031004', 0.00, 0.00, 0.00, 0.00, 0.00, 0.00, 0.00, 0.00, 0.00, 0.00, 0.00, 0.00, 0.00, 0.00),
	('2016', '003', '1020311', 0.00, 0.00, 0.00, 0.00, 0.00, 0.00, 0.00, 0.00, 0.00, 0.00, 0.00, 0.00, 0.00, 0.00),
	('2016', '003', '102031101', 1150000.00, 1150000.00, 1150000.00, 1150000.00, 1150000.00, 1150000.00, 1150000.00, 1150000.00, 1150000.00, 1150000.00, 1150000.00, 1150000.00, 0.00, 13800000.00),
	('2016', '003', '102031102', 0.00, 0.00, 0.00, 0.00, 0.00, 0.00, 0.00, 0.00, 0.00, 0.00, 0.00, 0.00, 0.00, 0.00),
	('2016', '003', '1020312', 200000.00, 200000.00, 200000.00, 200000.00, 200000.00, 200000.00, 200000.00, 200000.00, 200000.00, 200000.00, 200000.00, 200000.00, 0.00, 2400000.00),
	('2016', '003', '1020313', 1450000.00, 1450000.00, 1450000.00, 1450000.00, 1450000.00, 1450000.00, 1450000.00, 1450000.00, 1450000.00, 1450000.00, 1450000.00, 1450000.00, 0.00, 17400000.00),
	('2016', '003', '1020314', 0.00, 0.00, 0.00, 0.00, 0.00, 0.00, 0.00, 0.00, 0.00, 0.00, 0.00, 0.00, 0.00, 0.00),
	('2016', '003', '1020315', 4100000.00, 4100000.00, 4100000.00, 4100000.00, 4100000.00, 4100000.00, 4100000.00, 4100000.00, 4100000.00, 4100000.00, 4100000.00, 4100000.00, 0.00, 49200000.00),
	('2016', '003', '1020316', 300000.00, 300000.00, 300000.00, 300000.00, 300000.00, 300000.00, 300000.00, 300000.00, 300000.00, 300000.00, 300000.00, 300000.00, 0.00, 3600000.00),
	('2016', '003', '1020317', 0.00, 0.00, 0.00, 0.00, 0.00, 0.00, 0.00, 0.00, 0.00, 0.00, 0.00, 0.00, 0.00, 0.00),
	('2016', '003', '102031701', 0.00, 500000.00, 500000.00, 500000.00, 500000.00, 500000.00, 1000000.00, 500000.00, 500000.00, 500000.00, 500000.00, 500000.00, 0.00, 6000000.00),
	('2016', '003', '102031702', 0.00, 0.00, 0.00, 0.00, 0.00, 0.00, 0.00, 0.00, 0.00, 0.00, 0.00, 0.00, 0.00, 0.00),
	('2016', '003', '102031703', 0.00, 0.00, 0.00, 0.00, 0.00, 0.00, 0.00, 0.00, 0.00, 0.00, 0.00, 0.00, 0.00, 0.00),
	('2016', '003', '102031704', 0.00, 0.00, 0.00, 0.00, 0.00, 0.00, 0.00, 0.00, 0.00, 0.00, 0.00, 0.00, 0.00, 0.00),
	('2016', '003', '102031705', 0.00, 0.00, 0.00, 0.00, 0.00, 0.00, 0.00, 0.00, 0.00, 0.00, 0.00, 0.00, 0.00, 0.00),
	('2016', '003', '102031706', 0.00, 0.00, 0.00, 0.00, 0.00, 0.00, 0.00, 0.00, 0.00, 0.00, 0.00, 0.00, 0.00, 0.00),
	('2016', '003', '102031707', 0.00, 0.00, 0.00, 0.00, 0.00, 0.00, 0.00, 0.00, 0.00, 0.00, 0.00, 0.00, 0.00, 0.00),
	('2016', '003', '102031708', 0.00, 0.00, 0.00, 0.00, 0.00, 0.00, 0.00, 0.00, 0.00, 0.00, 0.00, 0.00, 0.00, 0.00),
	('2016', '003', '102031709', 0.00, 0.00, 0.00, 0.00, 0.00, 0.00, 0.00, 0.00, 0.00, 0.00, 0.00, 0.00, 0.00, 0.00),
	('2016', '003', '102031710', 0.00, 0.00, 0.00, 0.00, 0.00, 0.00, 0.00, 0.00, 0.00, 0.00, 0.00, 0.00, 0.00, 0.00),
	('2016', '003', '102031711', 0.00, 0.00, 0.00, 0.00, 0.00, 0.00, 0.00, 0.00, 0.00, 0.00, 0.00, 0.00, 0.00, 0.00),
	('2016', '003', '102031712', 0.00, 350000.00, 0.00, 0.00, 0.00, 0.00, 0.00, 0.00, 350000.00, 2500000.00, 0.00, 3000000.00, 0.00, 6200000.00),
	('2016', '003', '1020318', 0.00, 0.00, 0.00, 0.00, 0.00, 0.00, 0.00, 0.00, 0.00, 0.00, 0.00, 0.00, 0.00, 0.00),
	('2016', '003', '102031801', 0.00, 0.00, 0.00, 0.00, 0.00, 0.00, 0.00, 0.00, 0.00, 20200000.00, 0.00, 0.00, 0.00, 20200000.00),
	('2016', '003', '102031802', 500000.00, 500000.00, 500000.00, 500000.00, 500000.00, 500000.00, 500000.00, 500000.00, 500000.00, 500000.00, 500000.00, 500000.00, 0.00, 6000000.00),
	('2016', '003', '102031803', 1000000.00, 1000000.00, 1000000.00, 1000000.00, 1000000.00, 1000000.00, 1000000.00, 1000000.00, 1000000.00, 1000000.00, 1000000.00, 1000000.00, 0.00, 12000000.00),
	('2016', '003', '10204', 0.00, 0.00, 0.00, 0.00, 0.00, 0.00, 0.00, 0.00, 0.00, 0.00, 0.00, 0.00, 0.00, 0.00),
	('2016', '003', '10205', 0.00, 0.00, 0.00, 0.00, 0.00, 0.00, 0.00, 0.00, 0.00, 0.00, 0.00, 0.00, 0.00, 0.00),
	('2016', '003', '1020501', 0.00, 0.00, 0.00, 0.00, 0.00, 0.00, 0.00, 0.00, 0.00, 0.00, 0.00, 0.00, 0.00, 0.00),
	('2016', '003', '1020502', 0.00, 0.00, 0.00, 0.00, 0.00, 0.00, 0.00, 0.00, 0.00, 0.00, 0.00, 0.00, 0.00, 0.00),
	('2016', '003', '2', 0.00, 0.00, 0.00, 0.00, 0.00, 0.00, 0.00, 0.00, 0.00, 0.00, 0.00, 0.00, 0.00, 0.00),
	('2016', '003', '201', 0.00, 0.00, 0.00, 0.00, 0.00, 0.00, 0.00, 0.00, 0.00, 0.00, 0.00, 0.00, 0.00, 0.00),
	('2016', '003', '20101', 0.00, 0.00, 0.00, 0.00, 0.00, 0.00, 0.00, 0.00, 0.00, 0.00, 0.00, 0.00, 0.00, 0.00),
	('2016', '003', '20102', 0.00, 0.00, 0.00, 0.00, 0.00, 0.00, 0.00, 0.00, 0.00, 0.00, 0.00, 0.00, 0.00, 0.00),
	('2016', '003', '20103', 0.00, 0.00, 0.00, 0.00, 0.00, 0.00, 0.00, 0.00, 0.00, 0.00, 0.00, 0.00, 0.00, 0.00),
	('2016', '003', '20104', 0.00, 0.00, 0.00, 0.00, 0.00, 0.00, 0.00, 0.00, 0.00, 0.00, 0.00, 0.00, 0.00, 0.00),
	('2016', '003', '202', 0.00, 0.00, 0.00, 0.00, 0.00, 0.00, 0.00, 0.00, 0.00, 0.00, 0.00, 0.00, 0.00, 0.00),
	('2016', '003', '20201', 0.00, 0.00, 0.00, 0.00, 0.00, 0.00, 0.00, 0.00, 0.00, 0.00, 0.00, 0.00, 0.00, 0.00),
	('2016', '003', '20202', 0.00, 0.00, 0.00, 0.00, 0.00, 0.00, 0.00, 0.00, 0.00, 0.00, 0.00, 0.00, 0.00, 0.00),
	('2016', '003', '20203', 0.00, 0.00, 0.00, 0.00, 0.00, 0.00, 0.00, 0.00, 0.00, 0.00, 0.00, 0.00, 0.00, 0.00),
	('2016', '003', '3', 0.00, 0.00, 0.00, 0.00, 0.00, 0.00, 0.00, 0.00, 0.00, 0.00, 0.00, 0.00, 0.00, 0.00),
	('2016', '003', '301', 0.00, 0.00, 0.00, 0.00, 0.00, 0.00, 0.00, 0.00, 0.00, 0.00, 0.00, 0.00, 0.00, 0.00),
	('2016', '003', '30101', 0.00, 0.00, 0.00, 0.00, 0.00, 0.00, 0.00, 0.00, 0.00, 0.00, 0.00, 0.00, 0.00, 0.00),
	('2016', '003', '3010101', 0.00, 0.00, 0.00, 0.00, 0.00, 0.00, 0.00, 0.00, 0.00, 0.00, 0.00, 0.00, 0.00, 0.00),
	('2016', '003', '3010102', 0.00, 0.00, 0.00, 0.00, 0.00, 0.00, 0.00, 0.00, 0.00, 0.00, 0.00, 0.00, 0.00, 0.00),
	('2016', '003', '3010103', 0.00, 0.00, 0.00, 0.00, 0.00, 0.00, 0.00, 0.00, 0.00, 0.00, 0.00, 0.00, 0.00, 0.00),
	('2016', '003', '30102', 0.00, 0.00, 0.00, 0.00, 0.00, 0.00, 0.00, 0.00, 0.00, 0.00, 0.00, 0.00, 0.00, 0.00),
	('2016', '003', '30103', 0.00, 0.00, 0.00, 0.00, 0.00, 0.00, 0.00, 0.00, 0.00, 0.00, 0.00, 0.00, 0.00, 0.00),
	('2016', '003', '30104', 0.00, 0.00, 0.00, 0.00, 0.00, 0.00, 0.00, 0.00, 0.00, 0.00, 0.00, 0.00, 0.00, 0.00),
	('2016', '003', '30105', 0.00, 0.00, 0.00, 0.00, 0.00, 0.00, 0.00, 0.00, 0.00, 0.00, 0.00, 0.00, 0.00, 0.00),
	('2016', '003', '3010501', 0.00, 0.00, 0.00, 0.00, 0.00, 0.00, 0.00, 0.00, 0.00, 0.00, 0.00, 0.00, 0.00, 0.00),
	('2016', '003', '3010502', 0.00, 0.00, 0.00, 0.00, 0.00, 0.00, 0.00, 0.00, 0.00, 0.00, 0.00, 0.00, 0.00, 0.00),
	('2016', '003', '30106', 0.00, 0.00, 0.00, 0.00, 0.00, 0.00, 0.00, 0.00, 0.00, 0.00, 0.00, 0.00, 0.00, 0.00),
	('2016', '003', '30107', 0.00, 0.00, 0.00, 0.00, 0.00, 0.00, 0.00, 0.00, 0.00, 0.00, 0.00, 0.00, 0.00, 0.00),
	('2016', '003', '30108', 0.00, 0.00, 0.00, 0.00, 0.00, 0.00, 0.00, 0.00, 0.00, 0.00, 0.00, 0.00, 0.00, 0.00),
	('2016', '003', '30109', 0.00, 0.00, 0.00, 0.00, 0.00, 0.00, 0.00, 0.00, 0.00, 0.00, 0.00, 0.00, 0.00, 0.00),
	('2016', '003', '302', 0.00, 0.00, 0.00, 0.00, 0.00, 0.00, 0.00, 0.00, 0.00, 0.00, 0.00, 0.00, 0.00, 0.00),
	('2016', '003', '30201', 0.00, 0.00, 0.00, 0.00, 0.00, 0.00, 0.00, 0.00, 0.00, 0.00, 0.00, 0.00, 0.00, 0.00),
	('2016', '003', '30202', 0.00, 0.00, 0.00, 0.00, 0.00, 0.00, 0.00, 0.00, 0.00, 0.00, 0.00, 0.00, 0.00, 0.00),
	('2016', '003', '30203', 0.00, 0.00, 0.00, 0.00, 0.00, 0.00, 0.00, 0.00, 0.00, 0.00, 0.00, 0.00, 0.00, 0.00),
	('2016', '003', '3020301', 134000000.00, 0.00, 0.00, 0.00, 0.00, 0.00, 0.00, 0.00, 0.00, 0.00, 0.00, 0.00, 0.00, 134000000.00),
	('2016', '003', '3020302', 0.00, 0.00, 0.00, 0.00, 0.00, 0.00, 300000000.00, 300000000.00, 300000000.00, 333333333.00, 333333333.00, 333333333.00, 0.00, 1899999999.00),
	('2016', '003', '30204', 0.00, 0.00, 0.00, 0.00, 0.00, 0.00, 0.00, 0.00, 0.00, 0.00, 0.00, 0.00, 0.00, 0.00),
	('2016', '003', '3020401', 0.00, 0.00, 0.00, 0.00, 0.00, 0.00, 0.00, 0.00, 0.00, 0.00, 0.00, 0.00, 0.00, 0.00),
	('2016', '003', '302040101', 0.00, 0.00, 0.00, 0.00, 0.00, 0.00, 0.00, 0.00, 0.00, 0.00, 0.00, 0.00, 0.00, 0.00),
	('2016', '003', '302040102', 0.00, 0.00, 0.00, 0.00, 0.00, 0.00, 0.00, 0.00, 0.00, 0.00, 0.00, 0.00, 0.00, 0.00),
	('2016', '003', '3020402', 0.00, 0.00, 0.00, 0.00, 0.00, 0.00, 0.00, 0.00, 0.00, 0.00, 0.00, 0.00, 0.00, 0.00),
	('2016', '003', '302040201', 58500000.00, 58500000.00, 58500000.00, 58500000.00, 58500000.00, 58500000.00, 58500000.00, 58500000.00, 58500000.00, 58500000.00, 58500000.00, 58500000.00, 0.00, 702000000.00),
	('2016', '003', '302040202', 0.00, 0.00, 0.00, 0.00, 0.00, 0.00, 0.00, 0.00, 0.00, 0.00, 0.00, 0.00, 0.00, 0.00),
	('2016', '003', '30205', 0.00, 0.00, 0.00, 0.00, 0.00, 0.00, 0.00, 0.00, 0.00, 0.00, 0.00, 0.00, 0.00, 0.00),
	('2016', '003', '30206', 0.00, 0.00, 0.00, 0.00, 0.00, 0.00, 0.00, 0.00, 0.00, 0.00, 0.00, 0.00, 0.00, 0.00),
	('2016', '003', '30207', 0.00, 0.00, 0.00, 0.00, 0.00, 0.00, 0.00, 0.00, 0.00, 0.00, 0.00, 0.00, 0.00, 0.00),
	('2016', '003', '30208', 0.00, 0.00, 0.00, 0.00, 0.00, 0.00, 0.00, 0.00, 0.00, 0.00, 0.00, 0.00, 0.00, 0.00),
	('2016', '003', '30209', 0.00, 0.00, 0.00, 0.00, 0.00, 0.00, 0.00, 0.00, 0.00, 0.00, 0.00, 0.00, 0.00, 0.00),
	('2016', '003', '30210', 0.00, 0.00, 0.00, 0.00, 0.00, 0.00, 0.00, 0.00, 0.00, 0.00, 0.00, 0.00, 0.00, 0.00);
/*!40000 ALTER TABLE `budget_cflow` ENABLE KEYS */;


-- Dumping structure for table tatamasa_live.budget_perkiraan
CREATE TABLE IF NOT EXISTS `budget_perkiraan` (
  `tahun` char(4) default NULL,
  `id_proyek` char(3) default NULL,
  `kode_perk` char(50) default NULL,
  `jan` decimal(15,2) default '0.00',
  `feb` decimal(15,2) default '0.00',
  `mar` decimal(15,2) default '0.00',
  `apr` decimal(15,2) default '0.00',
  `mei` decimal(15,2) default '0.00',
  `jun` decimal(15,2) default '0.00',
  `jul` decimal(15,2) default '0.00',
  `agu` decimal(15,2) default '0.00',
  `sep` decimal(15,2) default '0.00',
  `okt` decimal(15,2) default '0.00',
  `nov` decimal(15,2) default '0.00',
  `des` decimal(15,2) default '0.00',
  `terpakai` decimal(15,2) default '0.00',
  `saldo` decimal(15,2) default '0.00'
) ENGINE=InnoDB DEFAULT CHARSET=latin1;

-- Dumping data for table tatamasa_live.budget_perkiraan: ~499 rows (approximately)
/*!40000 ALTER TABLE `budget_perkiraan` DISABLE KEYS */;
REPLACE INTO `budget_perkiraan` (`tahun`, `id_proyek`, `kode_perk`, `jan`, `feb`, `mar`, `apr`, `mei`, `jun`, `jul`, `agu`, `sep`, `okt`, `nov`, `des`, `terpakai`, `saldo`) VALUES
	('2016', '003', '1', 0.00, 0.00, 0.00, 0.00, 0.00, 0.00, 0.00, 0.00, 0.00, 0.00, 0.00, 0.00, 0.00, 0.00),
	('2016', '003', '101', 0.00, 0.00, 0.00, 0.00, 0.00, 0.00, 0.00, 0.00, 0.00, 0.00, 0.00, 0.00, 0.00, 0.00),
	('2016', '003', '10101', 0.00, 0.00, 0.00, 0.00, 0.00, 0.00, 0.00, 0.00, 0.00, 0.00, 0.00, 0.00, 0.00, 0.00),
	('2016', '003', '1010101', 0.00, 0.00, 0.00, 0.00, 0.00, 0.00, 0.00, 0.00, 0.00, 0.00, 0.00, 0.00, 0.00, 0.00),
	('2016', '003', '101010101', 0.00, 0.00, 0.00, 0.00, 0.00, 0.00, 0.00, 0.00, 0.00, 0.00, 0.00, 0.00, 0.00, 0.00),
	('2016', '003', '1010102', 0.00, 0.00, 0.00, 0.00, 0.00, 0.00, 0.00, 0.00, 0.00, 0.00, 0.00, 0.00, 0.00, 0.00),
	('2016', '003', '101010201', 0.00, 0.00, 0.00, 0.00, 0.00, 0.00, 0.00, 0.00, 0.00, 0.00, 0.00, 0.00, 0.00, 0.00),
	('2016', '003', '101010202', 0.00, 0.00, 0.00, 0.00, 0.00, 0.00, 0.00, 0.00, 0.00, 0.00, 0.00, 0.00, 0.00, 0.00),
	('2016', '003', '1010103', 0.00, 0.00, 0.00, 0.00, 0.00, 0.00, 0.00, 0.00, 0.00, 0.00, 0.00, 0.00, 0.00, 0.00),
	('2016', '003', '101010301', 0.00, 0.00, 0.00, 0.00, 0.00, 0.00, 0.00, 0.00, 0.00, 0.00, 0.00, 0.00, 0.00, 0.00),
	('2016', '003', '10101030101', 0.00, 0.00, 0.00, 0.00, 0.00, 0.00, 0.00, 0.00, 0.00, 0.00, 0.00, 0.00, 0.00, 0.00),
	('2016', '003', '101010302', 0.00, 0.00, 0.00, 0.00, 0.00, 0.00, 0.00, 0.00, 0.00, 0.00, 0.00, 0.00, 0.00, 0.00),
	('2016', '003', '10101030201', 0.00, 0.00, 0.00, 0.00, 0.00, 0.00, 0.00, 0.00, 0.00, 0.00, 0.00, 0.00, 0.00, 0.00),
	('2016', '003', '10101030202', 0.00, 0.00, 0.00, 0.00, 0.00, 0.00, 0.00, 0.00, 0.00, 0.00, 0.00, 0.00, 0.00, 0.00),
	('2016', '003', '1010104', 0.00, 0.00, 0.00, 0.00, 0.00, 0.00, 0.00, 0.00, 0.00, 0.00, 0.00, 0.00, 0.00, 0.00),
	('2016', '003', '101010401', 0.00, 0.00, 0.00, 0.00, 0.00, 0.00, 0.00, 0.00, 0.00, 0.00, 0.00, 0.00, 0.00, 0.00),
	('2016', '003', '101010402', 0.00, 0.00, 0.00, 0.00, 0.00, 0.00, 0.00, 0.00, 0.00, 0.00, 0.00, 0.00, 0.00, 0.00),
	('2016', '003', '101010403', 0.00, 0.00, 0.00, 0.00, 0.00, 0.00, 0.00, 0.00, 0.00, 0.00, 0.00, 0.00, 0.00, 0.00),
	('2016', '003', '1010105', 0.00, 0.00, 0.00, 0.00, 0.00, 0.00, 0.00, 0.00, 0.00, 0.00, 0.00, 0.00, 0.00, 0.00),
	('2016', '003', '10102', 0.00, 0.00, 0.00, 0.00, 0.00, 0.00, 0.00, 0.00, 0.00, 0.00, 0.00, 0.00, 0.00, 0.00),
	('2016', '003', '1010201', 0.00, 0.00, 0.00, 0.00, 0.00, 0.00, 0.00, 0.00, 0.00, 0.00, 0.00, 0.00, 0.00, 0.00),
	('2016', '003', '1010202', 0.00, 0.00, 0.00, 0.00, 0.00, 0.00, 0.00, 0.00, 0.00, 0.00, 0.00, 0.00, 0.00, 0.00),
	('2016', '003', '10103', 0.00, 0.00, 0.00, 0.00, 0.00, 0.00, 0.00, 0.00, 0.00, 0.00, 0.00, 0.00, 0.00, 0.00),
	('2016', '003', '1010301', 0.00, 0.00, 0.00, 0.00, 0.00, 0.00, 0.00, 0.00, 0.00, 0.00, 0.00, 0.00, 0.00, 0.00),
	('2016', '003', '101030101', 0.00, 0.00, 0.00, 0.00, 0.00, 0.00, 0.00, 0.00, 0.00, 0.00, 0.00, 0.00, 0.00, 0.00),
	('2016', '003', '101030102', 0.00, 0.00, 0.00, 0.00, 0.00, 0.00, 0.00, 0.00, 0.00, 0.00, 0.00, 0.00, 0.00, 0.00),
	('2016', '003', '101030103', 0.00, 0.00, 0.00, 0.00, 0.00, 0.00, 0.00, 0.00, 0.00, 0.00, 0.00, 0.00, 0.00, 0.00),
	('2016', '003', '1010302', 0.00, 0.00, 0.00, 0.00, 0.00, 0.00, 0.00, 0.00, 0.00, 0.00, 0.00, 0.00, 0.00, 0.00),
	('2016', '003', '101030201', 0.00, 0.00, 0.00, 0.00, 0.00, 0.00, 0.00, 0.00, 0.00, 0.00, 0.00, 0.00, 0.00, 0.00),
	('2016', '003', '10103020101', 0.00, 0.00, 0.00, 0.00, 0.00, 0.00, 0.00, 0.00, 0.00, 0.00, 0.00, 0.00, 0.00, 0.00),
	('2016', '003', '10103020102', 0.00, 0.00, 0.00, 0.00, 0.00, 0.00, 0.00, 0.00, 0.00, 0.00, 0.00, 0.00, 0.00, 0.00),
	('2016', '003', '101030202', 0.00, 0.00, 0.00, 0.00, 0.00, 0.00, 0.00, 0.00, 0.00, 0.00, 0.00, 0.00, 0.00, 0.00),
	('2016', '003', '101030203', 0.00, 0.00, 0.00, 0.00, 0.00, 0.00, 0.00, 0.00, 0.00, 0.00, 0.00, 0.00, 0.00, 0.00),
	('2016', '003', '10103020301', 0.00, 0.00, 0.00, 0.00, 0.00, 0.00, 0.00, 0.00, 0.00, 0.00, 0.00, 0.00, 0.00, 0.00),
	('2016', '003', '10103020302', 0.00, 0.00, 0.00, 0.00, 0.00, 0.00, 0.00, 0.00, 0.00, 0.00, 0.00, 0.00, 0.00, 0.00),
	('2016', '003', '101030204', 0.00, 0.00, 0.00, 0.00, 0.00, 0.00, 0.00, 0.00, 0.00, 0.00, 0.00, 0.00, 0.00, 0.00),
	('2016', '003', '10104', 0.00, 0.00, 0.00, 0.00, 0.00, 0.00, 0.00, 0.00, 0.00, 0.00, 0.00, 0.00, 0.00, 0.00),
	('2016', '003', '1010401', 0.00, 0.00, 0.00, 0.00, 0.00, 0.00, 0.00, 0.00, 0.00, 0.00, 0.00, 0.00, 0.00, 0.00),
	('2016', '003', '1010402', 0.00, 0.00, 0.00, 0.00, 0.00, 0.00, 0.00, 0.00, 0.00, 0.00, 0.00, 0.00, 0.00, 0.00),
	('2016', '003', '1010403', 0.00, 0.00, 0.00, 0.00, 0.00, 0.00, 0.00, 0.00, 0.00, 0.00, 0.00, 0.00, 0.00, 0.00),
	('2016', '003', '101040301', 0.00, 0.00, 0.00, 0.00, 0.00, 0.00, 0.00, 0.00, 0.00, 0.00, 0.00, 0.00, 0.00, 0.00),
	('2016', '003', '101040302', 0.00, 0.00, 0.00, 0.00, 0.00, 0.00, 0.00, 0.00, 0.00, 0.00, 0.00, 0.00, 0.00, 0.00),
	('2016', '003', '10104030201', 0.00, 0.00, 0.00, 0.00, 0.00, 0.00, 0.00, 0.00, 0.00, 0.00, 0.00, 0.00, 0.00, 0.00),
	('2016', '003', '1010403020101', 0.00, 0.00, 0.00, 0.00, 0.00, 0.00, 0.00, 0.00, 0.00, 0.00, 0.00, 0.00, 0.00, 0.00),
	('2016', '003', '1010403020102', 0.00, 0.00, 0.00, 0.00, 0.00, 0.00, 0.00, 0.00, 0.00, 0.00, 0.00, 0.00, 0.00, 0.00),
	('2016', '003', '1010403020103', 0.00, 0.00, 0.00, 0.00, 0.00, 0.00, 0.00, 0.00, 0.00, 0.00, 0.00, 0.00, 0.00, 0.00),
	('2016', '003', '1010403020104', 0.00, 0.00, 0.00, 0.00, 0.00, 0.00, 0.00, 0.00, 0.00, 0.00, 0.00, 0.00, 0.00, 0.00),
	('2016', '003', '10104030202', 0.00, 0.00, 0.00, 0.00, 0.00, 0.00, 0.00, 0.00, 0.00, 0.00, 0.00, 0.00, 0.00, 0.00),
	('2016', '003', '10104030203', 0.00, 0.00, 0.00, 0.00, 0.00, 0.00, 0.00, 0.00, 0.00, 0.00, 0.00, 0.00, 0.00, 0.00),
	('2016', '003', '101040303', 0.00, 0.00, 0.00, 0.00, 0.00, 0.00, 0.00, 0.00, 0.00, 0.00, 0.00, 0.00, 0.00, 0.00),
	('2016', '003', '10104030301', 0.00, 0.00, 0.00, 0.00, 0.00, 0.00, 0.00, 0.00, 0.00, 0.00, 0.00, 0.00, 0.00, 0.00),
	('2016', '003', '10104030302', 0.00, 0.00, 0.00, 0.00, 0.00, 0.00, 0.00, 0.00, 0.00, 0.00, 0.00, 0.00, 0.00, 0.00),
	('2016', '003', '10104030303', 0.00, 0.00, 0.00, 0.00, 0.00, 0.00, 0.00, 0.00, 0.00, 0.00, 0.00, 0.00, 0.00, 0.00),
	('2016', '003', '10104030304', 0.00, 0.00, 0.00, 0.00, 0.00, 0.00, 0.00, 0.00, 0.00, 0.00, 0.00, 0.00, 0.00, 0.00),
	('2016', '003', '10104030305', 0.00, 0.00, 0.00, 0.00, 0.00, 0.00, 0.00, 0.00, 0.00, 0.00, 0.00, 0.00, 0.00, 0.00),
	('2016', '003', '10104030306', 0.00, 0.00, 0.00, 0.00, 0.00, 0.00, 0.00, 0.00, 0.00, 0.00, 0.00, 0.00, 0.00, 0.00),
	('2016', '003', '10104030307', 0.00, 0.00, 0.00, 0.00, 0.00, 0.00, 0.00, 0.00, 0.00, 0.00, 0.00, 0.00, 0.00, 0.00),
	('2016', '003', '10104030308', 0.00, 0.00, 0.00, 0.00, 0.00, 0.00, 0.00, 0.00, 0.00, 0.00, 0.00, 0.00, 0.00, 0.00),
	('2016', '003', '1010404', 0.00, 0.00, 0.00, 0.00, 0.00, 0.00, 0.00, 0.00, 0.00, 0.00, 0.00, 0.00, 0.00, 0.00),
	('2016', '003', '10105', 0.00, 0.00, 0.00, 0.00, 0.00, 0.00, 0.00, 0.00, 0.00, 0.00, 0.00, 0.00, 0.00, 0.00),
	('2016', '003', '1010501', 0.00, 0.00, 0.00, 0.00, 0.00, 0.00, 0.00, 0.00, 0.00, 0.00, 0.00, 0.00, 0.00, 0.00),
	('2016', '003', '1010502', 0.00, 0.00, 0.00, 0.00, 0.00, 0.00, 0.00, 0.00, 0.00, 0.00, 0.00, 0.00, 0.00, 0.00),
	('2016', '003', '1010503', 0.00, 0.00, 0.00, 0.00, 0.00, 0.00, 0.00, 0.00, 0.00, 0.00, 0.00, 0.00, 0.00, 0.00),
	('2016', '003', '1010504', 0.00, 0.00, 0.00, 0.00, 0.00, 0.00, 0.00, 0.00, 0.00, 0.00, 0.00, 0.00, 0.00, 0.00),
	('2016', '003', '101050401', 0.00, 0.00, 0.00, 0.00, 0.00, 0.00, 0.00, 0.00, 0.00, 0.00, 0.00, 0.00, 0.00, 0.00),
	('2016', '003', '101050402', 0.00, 0.00, 0.00, 0.00, 0.00, 0.00, 0.00, 0.00, 0.00, 0.00, 0.00, 0.00, 0.00, 0.00),
	('2016', '003', '101050403', 0.00, 0.00, 0.00, 0.00, 0.00, 0.00, 0.00, 0.00, 0.00, 0.00, 0.00, 0.00, 0.00, 0.00),
	('2016', '003', '101050404', 0.00, 0.00, 0.00, 0.00, 0.00, 0.00, 0.00, 0.00, 0.00, 0.00, 0.00, 0.00, 0.00, 0.00),
	('2016', '003', '101050405', 0.00, 0.00, 0.00, 0.00, 0.00, 0.00, 0.00, 0.00, 0.00, 0.00, 0.00, 0.00, 0.00, 0.00),
	('2016', '003', '101050406', 0.00, 0.00, 0.00, 0.00, 0.00, 0.00, 0.00, 0.00, 0.00, 0.00, 0.00, 0.00, 0.00, 0.00),
	('2016', '003', '1010505', 0.00, 0.00, 0.00, 0.00, 0.00, 0.00, 0.00, 0.00, 0.00, 0.00, 0.00, 0.00, 0.00, 0.00),
	('2016', '003', '101050501', 0.00, 0.00, 0.00, 0.00, 0.00, 0.00, 0.00, 0.00, 0.00, 0.00, 0.00, 0.00, 0.00, 0.00),
	('2016', '003', '101050502', 0.00, 0.00, 0.00, 0.00, 0.00, 0.00, 0.00, 0.00, 0.00, 0.00, 0.00, 0.00, 0.00, 0.00),
	('2016', '003', '101050503', 0.00, 0.00, 0.00, 0.00, 0.00, 0.00, 0.00, 0.00, 0.00, 0.00, 0.00, 0.00, 0.00, 0.00),
	('2016', '003', '101050504', 0.00, 0.00, 0.00, 0.00, 0.00, 0.00, 0.00, 0.00, 0.00, 0.00, 0.00, 0.00, 0.00, 0.00),
	('2016', '003', '1010506', 0.00, 0.00, 0.00, 0.00, 0.00, 0.00, 0.00, 0.00, 0.00, 0.00, 0.00, 0.00, 0.00, 0.00),
	('2016', '003', '101050601', 0.00, 0.00, 0.00, 0.00, 0.00, 0.00, 0.00, 0.00, 0.00, 0.00, 0.00, 0.00, 0.00, 0.00),
	('2016', '003', '10105060101', 0.00, 0.00, 0.00, 0.00, 0.00, 0.00, 0.00, 0.00, 0.00, 0.00, 0.00, 0.00, 0.00, 0.00),
	('2016', '003', '10105060102', 0.00, 0.00, 0.00, 0.00, 0.00, 0.00, 0.00, 0.00, 0.00, 0.00, 0.00, 0.00, 0.00, 0.00),
	('2016', '003', '10105060103', 0.00, 0.00, 0.00, 0.00, 0.00, 0.00, 0.00, 0.00, 0.00, 0.00, 0.00, 0.00, 0.00, 0.00),
	('2016', '003', '10105060104', 0.00, 0.00, 0.00, 0.00, 0.00, 0.00, 0.00, 0.00, 0.00, 0.00, 0.00, 0.00, 0.00, 0.00),
	('2016', '003', '101050602', 0.00, 0.00, 0.00, 0.00, 0.00, 0.00, 0.00, 0.00, 0.00, 0.00, 0.00, 0.00, 0.00, 0.00),
	('2016', '003', '10105060201', 0.00, 0.00, 0.00, 0.00, 0.00, 0.00, 0.00, 0.00, 0.00, 0.00, 0.00, 0.00, 0.00, 0.00),
	('2016', '003', '10105060202', 0.00, 0.00, 0.00, 0.00, 0.00, 0.00, 0.00, 0.00, 0.00, 0.00, 0.00, 0.00, 0.00, 0.00),
	('2016', '003', '10105060203', 0.00, 0.00, 0.00, 0.00, 0.00, 0.00, 0.00, 0.00, 0.00, 0.00, 0.00, 0.00, 0.00, 0.00),
	('2016', '003', '101050603', 0.00, 0.00, 0.00, 0.00, 0.00, 0.00, 0.00, 0.00, 0.00, 0.00, 0.00, 0.00, 0.00, 0.00),
	('2016', '003', '10105060301', 0.00, 0.00, 0.00, 0.00, 0.00, 0.00, 0.00, 0.00, 0.00, 0.00, 0.00, 0.00, 0.00, 0.00),
	('2016', '003', '10105060302', 0.00, 0.00, 0.00, 0.00, 0.00, 0.00, 0.00, 0.00, 0.00, 0.00, 0.00, 0.00, 0.00, 0.00),
	('2016', '003', '10105060303', 0.00, 0.00, 0.00, 0.00, 0.00, 0.00, 0.00, 0.00, 0.00, 0.00, 0.00, 0.00, 0.00, 0.00),
	('2016', '003', '10105060304', 0.00, 0.00, 0.00, 0.00, 0.00, 0.00, 0.00, 0.00, 0.00, 0.00, 0.00, 0.00, 0.00, 0.00),
	('2016', '003', '101050604', 0.00, 0.00, 0.00, 0.00, 0.00, 0.00, 0.00, 0.00, 0.00, 0.00, 0.00, 0.00, 0.00, 0.00),
	('2016', '003', '10105060401', 0.00, 0.00, 0.00, 0.00, 0.00, 0.00, 0.00, 0.00, 0.00, 0.00, 0.00, 0.00, 0.00, 0.00),
	('2016', '003', '10105060402', 0.00, 0.00, 0.00, 0.00, 0.00, 0.00, 0.00, 0.00, 0.00, 0.00, 0.00, 0.00, 0.00, 0.00),
	('2016', '003', '10105060403', 0.00, 0.00, 0.00, 0.00, 0.00, 0.00, 0.00, 0.00, 0.00, 0.00, 0.00, 0.00, 0.00, 0.00),
	('2016', '003', '10105060404', 0.00, 0.00, 0.00, 0.00, 0.00, 0.00, 0.00, 0.00, 0.00, 0.00, 0.00, 0.00, 0.00, 0.00),
	('2016', '003', '101050605', 0.00, 0.00, 0.00, 0.00, 0.00, 0.00, 0.00, 0.00, 0.00, 0.00, 0.00, 0.00, 0.00, 0.00),
	('2016', '003', '101050606', 0.00, 0.00, 0.00, 0.00, 0.00, 0.00, 0.00, 0.00, 0.00, 0.00, 0.00, 0.00, 0.00, 0.00),
	('2016', '003', '101050607', 0.00, 0.00, 0.00, 0.00, 0.00, 0.00, 0.00, 0.00, 0.00, 0.00, 0.00, 0.00, 0.00, 0.00),
	('2016', '003', '10105060701', 0.00, 0.00, 0.00, 0.00, 0.00, 0.00, 0.00, 0.00, 0.00, 0.00, 0.00, 0.00, 0.00, 0.00),
	('2016', '003', '10105060702', 0.00, 0.00, 0.00, 0.00, 0.00, 0.00, 0.00, 0.00, 0.00, 0.00, 0.00, 0.00, 0.00, 0.00),
	('2016', '003', '101050608', 0.00, 0.00, 0.00, 0.00, 0.00, 0.00, 0.00, 0.00, 0.00, 0.00, 0.00, 0.00, 0.00, 0.00),
	('2016', '003', '10105060801', 0.00, 0.00, 0.00, 0.00, 0.00, 0.00, 0.00, 0.00, 0.00, 0.00, 0.00, 0.00, 0.00, 0.00),
	('2016', '003', '10105060802', 0.00, 0.00, 0.00, 0.00, 0.00, 0.00, 0.00, 0.00, 0.00, 0.00, 0.00, 0.00, 0.00, 0.00),
	('2016', '003', '101050609', 0.00, 0.00, 0.00, 0.00, 0.00, 0.00, 0.00, 0.00, 0.00, 0.00, 0.00, 0.00, 0.00, 0.00),
	('2016', '003', '101050610', 0.00, 0.00, 0.00, 0.00, 0.00, 0.00, 0.00, 0.00, 0.00, 0.00, 0.00, 0.00, 0.00, 0.00),
	('2016', '003', '101050611', 0.00, 0.00, 0.00, 0.00, 0.00, 0.00, 0.00, 0.00, 0.00, 0.00, 0.00, 0.00, 0.00, 0.00),
	('2016', '003', '101050612', 0.00, 0.00, 0.00, 0.00, 0.00, 0.00, 0.00, 0.00, 0.00, 0.00, 0.00, 0.00, 0.00, 0.00),
	('2016', '003', '101050613', 0.00, 0.00, 0.00, 0.00, 0.00, 0.00, 0.00, 0.00, 0.00, 0.00, 0.00, 0.00, 0.00, 0.00),
	('2016', '003', '101050614', 0.00, 0.00, 0.00, 0.00, 0.00, 0.00, 0.00, 0.00, 0.00, 0.00, 0.00, 0.00, 0.00, 0.00),
	('2016', '003', '10105061401', 0.00, 0.00, 0.00, 0.00, 0.00, 0.00, 0.00, 0.00, 0.00, 0.00, 0.00, 0.00, 0.00, 0.00),
	('2016', '003', '1010506140101', 0.00, 0.00, 0.00, 0.00, 0.00, 0.00, 0.00, 0.00, 0.00, 0.00, 0.00, 0.00, 0.00, 0.00),
	('2016', '003', '1010506140102', 0.00, 0.00, 0.00, 0.00, 0.00, 0.00, 0.00, 0.00, 0.00, 0.00, 0.00, 0.00, 0.00, 0.00),
	('2016', '003', '1010506140103', 0.00, 0.00, 0.00, 0.00, 0.00, 0.00, 0.00, 0.00, 0.00, 0.00, 0.00, 0.00, 0.00, 0.00),
	('2016', '003', '1010506140104', 0.00, 0.00, 0.00, 0.00, 0.00, 0.00, 0.00, 0.00, 0.00, 0.00, 0.00, 0.00, 0.00, 0.00),
	('2016', '003', '1010506140105', 0.00, 0.00, 0.00, 0.00, 0.00, 0.00, 0.00, 0.00, 0.00, 0.00, 0.00, 0.00, 0.00, 0.00),
	('2016', '003', '1010506140106', 0.00, 0.00, 0.00, 0.00, 0.00, 0.00, 0.00, 0.00, 0.00, 0.00, 0.00, 0.00, 0.00, 0.00),
	('2016', '003', '1010506140107', 0.00, 0.00, 0.00, 0.00, 0.00, 0.00, 0.00, 0.00, 0.00, 0.00, 0.00, 0.00, 0.00, 0.00),
	('2016', '003', '10105061402', 0.00, 0.00, 0.00, 0.00, 0.00, 0.00, 0.00, 0.00, 0.00, 0.00, 0.00, 0.00, 0.00, 0.00),
	('2016', '003', '1010506140201', 0.00, 0.00, 0.00, 0.00, 0.00, 0.00, 0.00, 0.00, 0.00, 0.00, 0.00, 0.00, 0.00, 0.00),
	('2016', '003', '1010506140202', 0.00, 0.00, 0.00, 0.00, 0.00, 0.00, 0.00, 0.00, 0.00, 0.00, 0.00, 0.00, 0.00, 0.00),
	('2016', '003', '101050615', 0.00, 0.00, 0.00, 0.00, 0.00, 0.00, 0.00, 0.00, 0.00, 0.00, 0.00, 0.00, 0.00, 0.00),
	('2016', '003', '10105061501', 0.00, 0.00, 0.00, 0.00, 0.00, 0.00, 0.00, 0.00, 0.00, 0.00, 0.00, 0.00, 0.00, 0.00),
	('2016', '003', '10105061502', 0.00, 0.00, 0.00, 0.00, 0.00, 0.00, 0.00, 0.00, 0.00, 0.00, 0.00, 0.00, 0.00, 0.00),
	('2016', '003', '10105061503', 0.00, 0.00, 0.00, 0.00, 0.00, 0.00, 0.00, 0.00, 0.00, 0.00, 0.00, 0.00, 0.00, 0.00),
	('2016', '003', '10105061504', 0.00, 0.00, 0.00, 0.00, 0.00, 0.00, 0.00, 0.00, 0.00, 0.00, 0.00, 0.00, 0.00, 0.00),
	('2016', '003', '10105061505', 0.00, 0.00, 0.00, 0.00, 0.00, 0.00, 0.00, 0.00, 0.00, 0.00, 0.00, 0.00, 0.00, 0.00),
	('2016', '003', '101050616', 0.00, 0.00, 0.00, 0.00, 0.00, 0.00, 0.00, 0.00, 0.00, 0.00, 0.00, 0.00, 0.00, 0.00),
	('2016', '003', '10105061601', 0.00, 0.00, 0.00, 0.00, 0.00, 0.00, 0.00, 0.00, 0.00, 0.00, 0.00, 0.00, 0.00, 0.00),
	('2016', '003', '10105061602', 0.00, 0.00, 0.00, 0.00, 0.00, 0.00, 0.00, 0.00, 0.00, 0.00, 0.00, 0.00, 0.00, 0.00),
	('2016', '003', '10105061603', 0.00, 0.00, 0.00, 0.00, 0.00, 0.00, 0.00, 0.00, 0.00, 0.00, 0.00, 0.00, 0.00, 0.00),
	('2016', '003', '10105061604', 0.00, 0.00, 0.00, 0.00, 0.00, 0.00, 0.00, 0.00, 0.00, 0.00, 0.00, 0.00, 0.00, 0.00),
	('2016', '003', '1010506160401', 0.00, 0.00, 0.00, 0.00, 0.00, 0.00, 0.00, 0.00, 0.00, 0.00, 0.00, 0.00, 0.00, 0.00),
	('2016', '003', '1010506160402', 0.00, 0.00, 0.00, 0.00, 0.00, 0.00, 0.00, 0.00, 0.00, 0.00, 0.00, 0.00, 0.00, 0.00),
	('2016', '003', '10105061605', 0.00, 0.00, 0.00, 0.00, 0.00, 0.00, 0.00, 0.00, 0.00, 0.00, 0.00, 0.00, 0.00, 0.00),
	('2016', '003', '10105061606', 0.00, 0.00, 0.00, 0.00, 0.00, 0.00, 0.00, 0.00, 0.00, 0.00, 0.00, 0.00, 0.00, 0.00),
	('2016', '003', '1010507', 0.00, 0.00, 0.00, 0.00, 0.00, 0.00, 0.00, 0.00, 0.00, 0.00, 0.00, 0.00, 0.00, 0.00),
	('2016', '003', '10106', 0.00, 0.00, 0.00, 0.00, 0.00, 0.00, 0.00, 0.00, 0.00, 0.00, 0.00, 0.00, 0.00, 0.00),
	('2016', '003', '1010601', 0.00, 0.00, 0.00, 0.00, 0.00, 0.00, 0.00, 0.00, 0.00, 0.00, 0.00, 0.00, 0.00, 0.00),
	('2016', '003', '1010602', 0.00, 0.00, 0.00, 0.00, 0.00, 0.00, 0.00, 0.00, 0.00, 0.00, 0.00, 0.00, 0.00, 0.00),
	('2016', '003', '1010603', 0.00, 0.00, 0.00, 0.00, 0.00, 0.00, 0.00, 0.00, 0.00, 0.00, 0.00, 0.00, 0.00, 0.00),
	('2016', '003', '1010604', 0.00, 0.00, 0.00, 0.00, 0.00, 0.00, 0.00, 0.00, 0.00, 0.00, 0.00, 0.00, 0.00, 0.00),
	('2016', '003', '1010605', 0.00, 0.00, 0.00, 0.00, 0.00, 0.00, 0.00, 0.00, 0.00, 0.00, 0.00, 0.00, 0.00, 0.00),
	('2016', '003', '10107', 0.00, 0.00, 0.00, 0.00, 0.00, 0.00, 0.00, 0.00, 0.00, 0.00, 0.00, 0.00, 0.00, 0.00),
	('2016', '003', '1010701', 0.00, 0.00, 0.00, 0.00, 0.00, 0.00, 0.00, 0.00, 0.00, 0.00, 0.00, 0.00, 0.00, 0.00),
	('2016', '003', '1010702', 0.00, 0.00, 0.00, 0.00, 0.00, 0.00, 0.00, 0.00, 0.00, 0.00, 0.00, 0.00, 0.00, 0.00),
	('2016', '003', '1010703', 0.00, 0.00, 0.00, 0.00, 0.00, 0.00, 0.00, 0.00, 0.00, 0.00, 0.00, 0.00, 0.00, 0.00),
	('2016', '003', '1010704', 0.00, 0.00, 0.00, 0.00, 0.00, 0.00, 0.00, 0.00, 0.00, 0.00, 0.00, 0.00, 0.00, 0.00),
	('2016', '003', '1010705', 0.00, 0.00, 0.00, 0.00, 0.00, 0.00, 0.00, 0.00, 0.00, 0.00, 0.00, 0.00, 0.00, 0.00),
	('2016', '003', '10108', 0.00, 0.00, 0.00, 0.00, 0.00, 0.00, 0.00, 0.00, 0.00, 0.00, 0.00, 0.00, 0.00, 0.00),
	('2016', '003', '102', 0.00, 0.00, 0.00, 0.00, 0.00, 0.00, 0.00, 0.00, 0.00, 0.00, 0.00, 0.00, 0.00, 0.00),
	('2016', '003', '10201', 0.00, 0.00, 0.00, 0.00, 0.00, 0.00, 0.00, 0.00, 0.00, 0.00, 0.00, 0.00, 0.00, 0.00),
	('2016', '003', '1020101', 0.00, 0.00, 0.00, 0.00, 0.00, 0.00, 0.00, 0.00, 0.00, 0.00, 0.00, 0.00, 0.00, 0.00),
	('2016', '003', '1020102', 0.00, 0.00, 0.00, 0.00, 0.00, 0.00, 0.00, 0.00, 0.00, 0.00, 0.00, 0.00, 0.00, 0.00),
	('2016', '003', '102010201', 0.00, 0.00, 0.00, 0.00, 0.00, 0.00, 0.00, 0.00, 0.00, 0.00, 0.00, 0.00, 0.00, 0.00),
	('2016', '003', '102010202', 0.00, 0.00, 0.00, 0.00, 0.00, 0.00, 0.00, 0.00, 0.00, 0.00, 0.00, 0.00, 0.00, 0.00),
	('2016', '003', '10202', 0.00, 0.00, 0.00, 0.00, 0.00, 0.00, 0.00, 0.00, 0.00, 0.00, 0.00, 0.00, 0.00, 0.00),
	('2016', '003', '1020201', 0.00, 0.00, 0.00, 0.00, 0.00, 0.00, 0.00, 0.00, 0.00, 0.00, 0.00, 0.00, 0.00, 0.00),
	('2016', '003', '1020202', 0.00, 0.00, 0.00, 0.00, 0.00, 0.00, 0.00, 0.00, 0.00, 0.00, 0.00, 0.00, 0.00, 0.00),
	('2016', '003', '10203', 0.00, 0.00, 0.00, 0.00, 0.00, 0.00, 0.00, 0.00, 0.00, 0.00, 0.00, 0.00, 0.00, 0.00),
	('2016', '003', '1020301', 0.00, 0.00, 0.00, 0.00, 0.00, 0.00, 0.00, 0.00, 0.00, 0.00, 0.00, 0.00, 0.00, 0.00),
	('2016', '003', '102030101', 0.00, 0.00, 0.00, 0.00, 0.00, 0.00, 0.00, 0.00, 0.00, 0.00, 0.00, 0.00, 0.00, 0.00),
	('2016', '003', '102030102', 0.00, 0.00, 0.00, 0.00, 0.00, 0.00, 0.00, 0.00, 0.00, 0.00, 0.00, 0.00, 0.00, 0.00),
	('2016', '003', '102030103', 0.00, 0.00, 0.00, 0.00, 0.00, 0.00, 0.00, 0.00, 0.00, 0.00, 0.00, 0.00, 0.00, 0.00),
	('2016', '003', '102030104', 0.00, 0.00, 0.00, 0.00, 0.00, 0.00, 0.00, 0.00, 0.00, 0.00, 0.00, 0.00, 0.00, 0.00),
	('2016', '003', '102030105', 0.00, 0.00, 0.00, 0.00, 0.00, 0.00, 0.00, 0.00, 0.00, 0.00, 0.00, 0.00, 0.00, 0.00),
	('2016', '003', '102030106', 0.00, 0.00, 0.00, 0.00, 0.00, 0.00, 0.00, 0.00, 0.00, 0.00, 0.00, 0.00, 0.00, 0.00),
	('2016', '003', '102030107', 0.00, 0.00, 0.00, 0.00, 0.00, 0.00, 0.00, 0.00, 0.00, 0.00, 0.00, 0.00, 0.00, 0.00),
	('2016', '003', '102030108', 0.00, 0.00, 0.00, 0.00, 0.00, 0.00, 0.00, 0.00, 0.00, 0.00, 0.00, 0.00, 0.00, 0.00),
	('2016', '003', '102030109', 0.00, 0.00, 0.00, 0.00, 0.00, 0.00, 0.00, 0.00, 0.00, 0.00, 0.00, 0.00, 0.00, 0.00),
	('2016', '003', '1020302', 0.00, 0.00, 0.00, 0.00, 0.00, 0.00, 0.00, 0.00, 0.00, 0.00, 0.00, 0.00, 0.00, 0.00),
	('2016', '003', '102030201', 0.00, 0.00, 0.00, 0.00, 0.00, 0.00, 0.00, 0.00, 0.00, 0.00, 0.00, 0.00, 0.00, 0.00),
	('2016', '003', '102030202', 0.00, 0.00, 0.00, 0.00, 0.00, 0.00, 0.00, 0.00, 0.00, 0.00, 0.00, 0.00, 0.00, 0.00),
	('2016', '003', '102030203', 0.00, 0.00, 0.00, 0.00, 0.00, 0.00, 0.00, 0.00, 0.00, 0.00, 0.00, 0.00, 0.00, 0.00),
	('2016', '003', '102030204', 0.00, 0.00, 0.00, 0.00, 0.00, 0.00, 0.00, 0.00, 0.00, 0.00, 0.00, 0.00, 0.00, 0.00),
	('2016', '003', '102030205', 0.00, 0.00, 0.00, 0.00, 0.00, 0.00, 0.00, 0.00, 0.00, 0.00, 0.00, 0.00, 0.00, 0.00),
	('2016', '003', '102030206', 0.00, 0.00, 0.00, 0.00, 0.00, 0.00, 0.00, 0.00, 0.00, 0.00, 0.00, 0.00, 0.00, 0.00),
	('2016', '003', '102030207', 0.00, 0.00, 0.00, 0.00, 0.00, 0.00, 0.00, 0.00, 0.00, 0.00, 0.00, 0.00, 0.00, 0.00),
	('2016', '003', '10204', 0.00, 0.00, 0.00, 0.00, 0.00, 0.00, 0.00, 0.00, 0.00, 0.00, 0.00, 0.00, 0.00, 0.00),
	('2016', '003', '1020401', 0.00, 0.00, 0.00, 0.00, 0.00, 0.00, 0.00, 0.00, 0.00, 0.00, 0.00, 0.00, 0.00, 0.00),
	('2016', '003', '102040101', 0.00, 0.00, 0.00, 0.00, 0.00, 0.00, 0.00, 0.00, 0.00, 0.00, 0.00, 0.00, 0.00, 0.00),
	('2016', '003', '102040102', 0.00, 0.00, 0.00, 0.00, 0.00, 0.00, 0.00, 0.00, 0.00, 0.00, 0.00, 0.00, 0.00, 0.00),
	('2016', '003', '102040103', 0.00, 0.00, 0.00, 0.00, 0.00, 0.00, 0.00, 0.00, 0.00, 0.00, 0.00, 0.00, 0.00, 0.00),
	('2016', '003', '1020402', 0.00, 0.00, 0.00, 0.00, 0.00, 0.00, 0.00, 0.00, 0.00, 0.00, 0.00, 0.00, 0.00, 0.00),
	('2016', '003', '102040201', 0.00, 0.00, 0.00, 0.00, 0.00, 0.00, 0.00, 0.00, 0.00, 0.00, 0.00, 0.00, 0.00, 0.00),
	('2016', '003', '102040202', 0.00, 0.00, 0.00, 0.00, 0.00, 0.00, 0.00, 0.00, 0.00, 0.00, 0.00, 0.00, 0.00, 0.00),
	('2016', '003', '102040203', 0.00, 0.00, 0.00, 0.00, 0.00, 0.00, 0.00, 0.00, 0.00, 0.00, 0.00, 0.00, 0.00, 0.00),
	('2016', '003', '10205', 0.00, 0.00, 0.00, 0.00, 0.00, 0.00, 0.00, 0.00, 0.00, 0.00, 0.00, 0.00, 0.00, 0.00),
	('2016', '003', '10206', 0.00, 0.00, 0.00, 0.00, 0.00, 0.00, 0.00, 0.00, 0.00, 0.00, 0.00, 0.00, 0.00, 0.00),
	('2016', '003', '10207', 0.00, 0.00, 0.00, 0.00, 0.00, 0.00, 0.00, 0.00, 0.00, 0.00, 0.00, 0.00, 0.00, 0.00),
	('2016', '003', '2', 0.00, 0.00, 0.00, 0.00, 0.00, 0.00, 0.00, 0.00, 0.00, 0.00, 0.00, 0.00, 0.00, 0.00),
	('2016', '003', '201', 0.00, 0.00, 0.00, 0.00, 0.00, 0.00, 0.00, 0.00, 0.00, 0.00, 0.00, 0.00, 0.00, 0.00),
	('2016', '003', '20101', 0.00, 0.00, 0.00, 0.00, 0.00, 0.00, 0.00, 0.00, 0.00, 0.00, 0.00, 0.00, 0.00, 0.00),
	('2016', '003', '2010101', 0.00, 0.00, 0.00, 0.00, 0.00, 0.00, 0.00, 0.00, 0.00, 0.00, 0.00, 0.00, 0.00, 0.00),
	('2016', '003', '201010101', 0.00, 0.00, 0.00, 0.00, 0.00, 0.00, 0.00, 0.00, 0.00, 0.00, 0.00, 0.00, 0.00, 0.00),
	('2016', '003', '201010102', 0.00, 0.00, 0.00, 0.00, 0.00, 0.00, 0.00, 0.00, 0.00, 0.00, 0.00, 0.00, 0.00, 0.00),
	('2016', '003', '2010102', 0.00, 0.00, 0.00, 0.00, 0.00, 0.00, 0.00, 0.00, 0.00, 0.00, 0.00, 0.00, 0.00, 0.00),
	('2016', '003', '2010103', 0.00, 0.00, 0.00, 0.00, 0.00, 0.00, 0.00, 0.00, 0.00, 0.00, 0.00, 0.00, 0.00, 0.00),
	('2016', '003', '201010301', 0.00, 0.00, 0.00, 0.00, 0.00, 0.00, 0.00, 0.00, 0.00, 0.00, 0.00, 0.00, 0.00, 0.00),
	('2016', '003', '20102', 0.00, 0.00, 0.00, 0.00, 0.00, 0.00, 0.00, 0.00, 0.00, 0.00, 0.00, 0.00, 0.00, 0.00),
	('2016', '003', '2010201', 0.00, 0.00, 0.00, 0.00, 0.00, 0.00, 0.00, 0.00, 0.00, 0.00, 0.00, 0.00, 0.00, 0.00),
	('2016', '003', '2010202', 0.00, 0.00, 0.00, 0.00, 0.00, 0.00, 0.00, 0.00, 0.00, 0.00, 0.00, 0.00, 0.00, 0.00),
	('2016', '003', '20103', 0.00, 0.00, 0.00, 0.00, 0.00, 0.00, 0.00, 0.00, 0.00, 0.00, 0.00, 0.00, 0.00, 0.00),
	('2016', '003', '2010301', 0.00, 0.00, 0.00, 0.00, 0.00, 0.00, 0.00, 0.00, 0.00, 0.00, 0.00, 0.00, 0.00, 0.00),
	('2016', '003', '2010302', 0.00, 0.00, 0.00, 0.00, 0.00, 0.00, 0.00, 0.00, 0.00, 0.00, 0.00, 0.00, 0.00, 0.00),
	('2016', '003', '201030201', 0.00, 0.00, 0.00, 0.00, 0.00, 0.00, 0.00, 0.00, 0.00, 0.00, 0.00, 0.00, 0.00, 0.00),
	('2016', '003', '20103020101', 0.00, 0.00, 0.00, 0.00, 0.00, 0.00, 0.00, 0.00, 0.00, 0.00, 0.00, 0.00, 0.00, 0.00),
	('2016', '003', '20103020102', 0.00, 0.00, 0.00, 0.00, 0.00, 0.00, 0.00, 0.00, 0.00, 0.00, 0.00, 0.00, 0.00, 0.00),
	('2016', '003', '201030202', 0.00, 0.00, 0.00, 0.00, 0.00, 0.00, 0.00, 0.00, 0.00, 0.00, 0.00, 0.00, 0.00, 0.00),
	('2016', '003', '20103020201', 0.00, 0.00, 0.00, 0.00, 0.00, 0.00, 0.00, 0.00, 0.00, 0.00, 0.00, 0.00, 0.00, 0.00),
	('2016', '003', '20103020202', 0.00, 0.00, 0.00, 0.00, 0.00, 0.00, 0.00, 0.00, 0.00, 0.00, 0.00, 0.00, 0.00, 0.00),
	('2016', '003', '201030203', 0.00, 0.00, 0.00, 0.00, 0.00, 0.00, 0.00, 0.00, 0.00, 0.00, 0.00, 0.00, 0.00, 0.00),
	('2016', '003', '20103020301', 0.00, 0.00, 0.00, 0.00, 0.00, 0.00, 0.00, 0.00, 0.00, 0.00, 0.00, 0.00, 0.00, 0.00),
	('2016', '003', '20103020302', 0.00, 0.00, 0.00, 0.00, 0.00, 0.00, 0.00, 0.00, 0.00, 0.00, 0.00, 0.00, 0.00, 0.00),
	('2016', '003', '201030204', 0.00, 0.00, 0.00, 0.00, 0.00, 0.00, 0.00, 0.00, 0.00, 0.00, 0.00, 0.00, 0.00, 0.00),
	('2016', '003', '20104', 0.00, 0.00, 0.00, 0.00, 0.00, 0.00, 0.00, 0.00, 0.00, 0.00, 0.00, 0.00, 0.00, 0.00),
	('2016', '003', '2010401', 0.00, 0.00, 0.00, 0.00, 0.00, 0.00, 0.00, 0.00, 0.00, 0.00, 0.00, 0.00, 0.00, 0.00),
	('2016', '003', '2010402', 0.00, 0.00, 0.00, 0.00, 0.00, 0.00, 0.00, 0.00, 0.00, 0.00, 0.00, 0.00, 0.00, 0.00),
	('2016', '003', '2010403', 0.00, 0.00, 0.00, 0.00, 0.00, 0.00, 0.00, 0.00, 0.00, 0.00, 0.00, 0.00, 0.00, 0.00),
	('2016', '003', '2010404', 0.00, 0.00, 0.00, 0.00, 0.00, 0.00, 0.00, 0.00, 0.00, 0.00, 0.00, 0.00, 0.00, 0.00),
	('2016', '003', '20105', 0.00, 0.00, 0.00, 0.00, 0.00, 0.00, 0.00, 0.00, 0.00, 0.00, 0.00, 0.00, 0.00, 0.00),
	('2016', '003', '2010501', 0.00, 0.00, 0.00, 0.00, 0.00, 0.00, 0.00, 0.00, 0.00, 0.00, 0.00, 0.00, 0.00, 0.00),
	('2016', '003', '201050101', 0.00, 0.00, 0.00, 0.00, 0.00, 0.00, 0.00, 0.00, 0.00, 0.00, 0.00, 0.00, 0.00, 0.00),
	('2016', '003', '201050102', 0.00, 0.00, 0.00, 0.00, 0.00, 0.00, 0.00, 0.00, 0.00, 0.00, 0.00, 0.00, 0.00, 0.00),
	('2016', '003', '201050103', 0.00, 0.00, 0.00, 0.00, 0.00, 0.00, 0.00, 0.00, 0.00, 0.00, 0.00, 0.00, 0.00, 0.00),
	('2016', '003', '201050104', 0.00, 0.00, 0.00, 0.00, 0.00, 0.00, 0.00, 0.00, 0.00, 0.00, 0.00, 0.00, 0.00, 0.00),
	('2016', '003', '201050105', 0.00, 0.00, 0.00, 0.00, 0.00, 0.00, 0.00, 0.00, 0.00, 0.00, 0.00, 0.00, 0.00, 0.00),
	('2016', '003', '201050106', 0.00, 0.00, 0.00, 0.00, 0.00, 0.00, 0.00, 0.00, 0.00, 0.00, 0.00, 0.00, 0.00, 0.00),
	('2016', '003', '201050107', 0.00, 0.00, 0.00, 0.00, 0.00, 0.00, 0.00, 0.00, 0.00, 0.00, 0.00, 0.00, 0.00, 0.00),
	('2016', '003', '201050108', 0.00, 0.00, 0.00, 0.00, 0.00, 0.00, 0.00, 0.00, 0.00, 0.00, 0.00, 0.00, 0.00, 0.00),
	('2016', '003', '201050109', 0.00, 0.00, 0.00, 0.00, 0.00, 0.00, 0.00, 0.00, 0.00, 0.00, 0.00, 0.00, 0.00, 0.00),
	('2016', '003', '201050110', 0.00, 0.00, 0.00, 0.00, 0.00, 0.00, 0.00, 0.00, 0.00, 0.00, 0.00, 0.00, 0.00, 0.00),
	('2016', '003', '2010502', 0.00, 0.00, 0.00, 0.00, 0.00, 0.00, 0.00, 0.00, 0.00, 0.00, 0.00, 0.00, 0.00, 0.00),
	('2016', '003', '201050201', 0.00, 0.00, 0.00, 0.00, 0.00, 0.00, 0.00, 0.00, 0.00, 0.00, 0.00, 0.00, 0.00, 0.00),
	('2016', '003', '2010503', 0.00, 0.00, 0.00, 0.00, 0.00, 0.00, 0.00, 0.00, 0.00, 0.00, 0.00, 0.00, 0.00, 0.00),
	('2016', '003', '201050301', 0.00, 0.00, 0.00, 0.00, 0.00, 0.00, 0.00, 0.00, 0.00, 0.00, 0.00, 0.00, 0.00, 0.00),
	('2016', '003', '2010504', 0.00, 0.00, 0.00, 0.00, 0.00, 0.00, 0.00, 0.00, 0.00, 0.00, 0.00, 0.00, 0.00, 0.00),
	('2016', '003', '201050401', 0.00, 0.00, 0.00, 0.00, 0.00, 0.00, 0.00, 0.00, 0.00, 0.00, 0.00, 0.00, 0.00, 0.00),
	('2016', '003', '20106', 0.00, 0.00, 0.00, 0.00, 0.00, 0.00, 0.00, 0.00, 0.00, 0.00, 0.00, 0.00, 0.00, 0.00),
	('2016', '003', '2010601', 0.00, 0.00, 0.00, 0.00, 0.00, 0.00, 0.00, 0.00, 0.00, 0.00, 0.00, 0.00, 0.00, 0.00),
	('2016', '003', '2010602', 0.00, 0.00, 0.00, 0.00, 0.00, 0.00, 0.00, 0.00, 0.00, 0.00, 0.00, 0.00, 0.00, 0.00),
	('2016', '003', '2010603', 0.00, 0.00, 0.00, 0.00, 0.00, 0.00, 0.00, 0.00, 0.00, 0.00, 0.00, 0.00, 0.00, 0.00),
	('2016', '003', '2010604', 0.00, 0.00, 0.00, 0.00, 0.00, 0.00, 0.00, 0.00, 0.00, 0.00, 0.00, 0.00, 0.00, 0.00),
	('2016', '003', '2010605', 0.00, 0.00, 0.00, 0.00, 0.00, 0.00, 0.00, 0.00, 0.00, 0.00, 0.00, 0.00, 0.00, 0.00),
	('2016', '003', '2010606', 0.00, 0.00, 0.00, 0.00, 0.00, 0.00, 0.00, 0.00, 0.00, 0.00, 0.00, 0.00, 0.00, 0.00),
	('2016', '003', '2010607', 0.00, 0.00, 0.00, 0.00, 0.00, 0.00, 0.00, 0.00, 0.00, 0.00, 0.00, 0.00, 0.00, 0.00),
	('2016', '003', '20107', 0.00, 0.00, 0.00, 0.00, 0.00, 0.00, 0.00, 0.00, 0.00, 0.00, 0.00, 0.00, 0.00, 0.00),
	('2016', '003', '2010701', 0.00, 0.00, 0.00, 0.00, 0.00, 0.00, 0.00, 0.00, 0.00, 0.00, 0.00, 0.00, 0.00, 0.00),
	('2016', '003', '201070101', 0.00, 0.00, 0.00, 0.00, 0.00, 0.00, 0.00, 0.00, 0.00, 0.00, 0.00, 0.00, 0.00, 0.00),
	('2016', '003', '201070102', 0.00, 0.00, 0.00, 0.00, 0.00, 0.00, 0.00, 0.00, 0.00, 0.00, 0.00, 0.00, 0.00, 0.00),
	('2016', '003', '2010702', 0.00, 0.00, 0.00, 0.00, 0.00, 0.00, 0.00, 0.00, 0.00, 0.00, 0.00, 0.00, 0.00, 0.00),
	('2016', '003', '2010703', 0.00, 0.00, 0.00, 0.00, 0.00, 0.00, 0.00, 0.00, 0.00, 0.00, 0.00, 0.00, 0.00, 0.00),
	('2016', '003', '20108', 0.00, 0.00, 0.00, 0.00, 0.00, 0.00, 0.00, 0.00, 0.00, 0.00, 0.00, 0.00, 0.00, 0.00),
	('2016', '003', '202', 0.00, 0.00, 0.00, 0.00, 0.00, 0.00, 0.00, 0.00, 0.00, 0.00, 0.00, 0.00, 0.00, 0.00),
	('2016', '003', '20201', 0.00, 0.00, 0.00, 0.00, 0.00, 0.00, 0.00, 0.00, 0.00, 0.00, 0.00, 0.00, 0.00, 0.00),
	('2016', '003', '2020101', 0.00, 0.00, 0.00, 0.00, 0.00, 0.00, 0.00, 0.00, 0.00, 0.00, 0.00, 0.00, 0.00, 0.00),
	('2016', '003', '202010101', 0.00, 0.00, 0.00, 0.00, 0.00, 0.00, 0.00, 0.00, 0.00, 0.00, 0.00, 0.00, 0.00, 0.00),
	('2016', '003', '202010102', 0.00, 0.00, 0.00, 0.00, 0.00, 0.00, 0.00, 0.00, 0.00, 0.00, 0.00, 0.00, 0.00, 0.00),
	('2016', '003', '2020102', 0.00, 0.00, 0.00, 0.00, 0.00, 0.00, 0.00, 0.00, 0.00, 0.00, 0.00, 0.00, 0.00, 0.00),
	('2016', '003', '202010201', 0.00, 0.00, 0.00, 0.00, 0.00, 0.00, 0.00, 0.00, 0.00, 0.00, 0.00, 0.00, 0.00, 0.00),
	('2016', '003', '2020103', 0.00, 0.00, 0.00, 0.00, 0.00, 0.00, 0.00, 0.00, 0.00, 0.00, 0.00, 0.00, 0.00, 0.00),
	('2016', '003', '20202', 0.00, 0.00, 0.00, 0.00, 0.00, 0.00, 0.00, 0.00, 0.00, 0.00, 0.00, 0.00, 0.00, 0.00),
	('2016', '003', '3', 0.00, 0.00, 0.00, 0.00, 0.00, 0.00, 0.00, 0.00, 0.00, 0.00, 0.00, 0.00, 0.00, 0.00),
	('2016', '003', '301', 0.00, 0.00, 0.00, 0.00, 0.00, 0.00, 0.00, 0.00, 0.00, 0.00, 0.00, 0.00, 0.00, 0.00),
	('2016', '003', '30101', 0.00, 0.00, 0.00, 0.00, 0.00, 0.00, 0.00, 0.00, 0.00, 0.00, 0.00, 0.00, 0.00, 0.00),
	('2016', '003', '30102', 0.00, 0.00, 0.00, 0.00, 0.00, 0.00, 0.00, 0.00, 0.00, 0.00, 0.00, 0.00, 0.00, 0.00),
	('2016', '003', '302', 0.00, 0.00, 0.00, 0.00, 0.00, 0.00, 0.00, 0.00, 0.00, 0.00, 0.00, 0.00, 0.00, 0.00),
	('2016', '003', '303', 0.00, 0.00, 0.00, 0.00, 0.00, 0.00, 0.00, 0.00, 0.00, 0.00, 0.00, 0.00, 0.00, 0.00),
	('2016', '003', '30301', 0.00, 0.00, 0.00, 0.00, 0.00, 0.00, 0.00, 0.00, 0.00, 0.00, 0.00, 0.00, 0.00, 0.00),
	('2016', '003', '30302', 0.00, 0.00, 0.00, 0.00, 0.00, 0.00, 0.00, 0.00, 0.00, 0.00, 0.00, 0.00, 0.00, 0.00),
	('2016', '003', '4', 0.00, 0.00, 0.00, 0.00, 0.00, 0.00, 0.00, 0.00, 0.00, 0.00, 0.00, 0.00, 0.00, 0.00),
	('2016', '003', '401', 0.00, 0.00, 0.00, 0.00, 0.00, 0.00, 0.00, 0.00, 0.00, 0.00, 0.00, 0.00, 0.00, 0.00),
	('2016', '003', '40101', 145538000.00, 145538000.00, 145538000.00, 148284000.00, 148284000.00, 148284000.00, 302060000.00, 302060000.00, 302060000.00, 465447000.00, 465447000.00, 465447000.00, 0.00, 3183987000.00),
	('2016', '003', '40102', 109674667.00, 109674667.00, 109674667.00, 111744000.00, 111744000.00, 111744000.00, 341440000.00, 341440000.00, 341440000.00, 350752000.00, 350752000.00, 350752000.00, 0.00, 2740832001.00),
	('2016', '003', '40103', 254824000.00, 254824000.00, 254824000.00, 259632000.00, 259632000.00, 259632000.00, 264440000.00, 264440000.00, 264440000.00, 271652000.00, 271652000.00, 271652000.00, 0.00, 3151644000.00),
	('2016', '003', '40104', 714864000.00, 714864000.00, 714864000.00, 606960000.00, 606960000.00, 606960000.00, 1112760000.00, 1112760000.00, 1112760000.00, 1143108000.00, 1143108000.00, 1143108000.00, 0.00, 10733076000.00),
	('2016', '003', '40105', 119373100.00, 119373100.00, 119373100.00, 119373100.00, 119373100.00, 119373100.00, 180672800.00, 180672800.00, 180672800.00, 183899100.00, 183899100.00, 183899100.00, 0.00, 1809954300.00),
	('2016', '003', '5', 0.00, 0.00, 0.00, 0.00, 0.00, 0.00, 0.00, 0.00, 0.00, 0.00, 0.00, 0.00, 0.00, 0.00),
	('2016', '003', '501', 0.00, 0.00, 0.00, 0.00, 0.00, 0.00, 0.00, 0.00, 0.00, 0.00, 0.00, 0.00, 0.00, 0.00),
	('2016', '003', '50101', 0.00, 0.00, 0.00, 0.00, 0.00, 0.00, 0.00, 0.00, 0.00, 0.00, 0.00, 0.00, 0.00, 0.00),
	('2016', '003', '5010101', 0.00, 0.00, 0.00, 0.00, 0.00, 0.00, 0.00, 0.00, 0.00, 0.00, 0.00, 0.00, 0.00, 0.00),
	('2016', '003', '501010101', 26980000.00, 26980000.00, 26980000.00, 26980000.00, 26980000.00, 26980000.00, 53960000.00, 53960000.00, 53960000.00, 80940000.00, 80940000.00, 80940000.00, 0.00, 566580000.00),
	('2016', '003', '501010102', 20235000.00, 20235000.00, 20235000.00, 20235000.00, 20235000.00, 20235000.00, 60705000.00, 60705000.00, 60705000.00, 60705000.00, 60705000.00, 60705000.00, 0.00, 485640000.00),
	('2016', '003', '501010103', 50587500.00, 50587500.00, 50587500.00, 50587500.00, 50587500.00, 50587500.00, 50587500.00, 50587500.00, 50587500.00, 50587500.00, 50587500.00, 50587500.00, 0.00, 607050000.00),
	('2016', '003', '501010104', 141645000.00, 141645000.00, 141645000.00, 118037500.00, 118037500.00, 118037500.00, 212467500.00, 212467500.00, 212467500.00, 212467500.00, 212467500.00, 212467500.00, 0.00, 2053852500.00),
	('2016', '003', '501010105', 45748384.00, 45748384.00, 45748384.00, 45748384.00, 45748384.00, 45748384.00, 69240798.00, 69240798.00, 69240798.00, 70477240.00, 70477240.00, 70477240.00, 0.00, 693644418.00),
	('2016', '003', '5010102', 0.00, 0.00, 0.00, 0.00, 0.00, 0.00, 0.00, 0.00, 0.00, 0.00, 0.00, 0.00, 0.00, 0.00),
	('2016', '003', '501010201', 0.00, 0.00, 0.00, 0.00, 0.00, 0.00, 0.00, 0.00, 0.00, 0.00, 0.00, 0.00, 0.00, 0.00),
	('2016', '003', '50101020101', 92308333.00, 92308333.00, 92308333.00, 138462500.00, 138462500.00, 138462500.00, 156924167.00, 156924167.00, 156924167.00, 138462500.00, 138462500.00, 138462500.00, 0.00, 1578472500.00),
	('2016', '003', '50101020102', 89440000.00, 89440000.00, 89440000.00, 134160000.00, 134160000.00, 134160000.00, 152048000.00, 152048000.00, 152048000.00, 134160000.00, 134160000.00, 134160000.00, 0.00, 1529424000.00),
	('2016', '003', '50101020103', 45760000.00, 45760000.00, 45760000.00, 68640000.00, 68640000.00, 68640000.00, 77792000.00, 77792000.00, 77792000.00, 68640000.00, 68640000.00, 68640000.00, 0.00, 782496000.00),
	('2016', '003', '50101020104', 277333333.00, 277333333.00, 277333333.00, 416000000.00, 416000000.00, 416000000.00, 471466667.00, 471466667.00, 471466667.00, 416000000.00, 416000000.00, 416000000.00, 0.00, 4742400000.00),
	('2016', '003', '501010202', 59000000.00, 59000000.00, 59000000.00, 0.00, 0.00, 0.00, 0.00, 0.00, 0.00, 0.00, 0.00, 0.00, 0.00, 177000000.00),
	('2016', '003', '501010203', 0.00, 0.00, 0.00, 78666667.00, 78666667.00, 78666667.00, 78666667.00, 78666667.00, 78666667.00, 78666667.00, 78666667.00, 78666667.00, 0.00, 708000003.00),
	('2016', '003', '5010103', 0.00, 0.00, 0.00, 0.00, 0.00, 0.00, 0.00, 0.00, 0.00, 0.00, 0.00, 0.00, 0.00, 0.00),
	('2016', '003', '501010301', 0.00, 0.00, 0.00, 0.00, 0.00, 0.00, 0.00, 0.00, 0.00, 0.00, 0.00, 0.00, 0.00, 0.00),
	('2016', '003', '501010302', 0.00, 0.00, 0.00, 0.00, 0.00, 0.00, 0.00, 0.00, 0.00, 0.00, 0.00, 0.00, 0.00, 0.00),
	('2016', '003', '501010303', 145972500.00, 145972500.00, 145972500.00, 145972500.00, 145972500.00, 145972500.00, 0.00, 0.00, 0.00, 0.00, 0.00, 0.00, 0.00, 875835000.00),
	('2016', '003', '501010304', 40547917.00, 40547917.00, 40547917.00, 40547917.00, 40547917.00, 40547917.00, 0.00, 0.00, 0.00, 0.00, 0.00, 0.00, 0.00, 243287502.00),
	('2016', '003', '501010305', 19463000.00, 19463000.00, 19463000.00, 0.00, 0.00, 0.00, 19463000.00, 19463000.00, 19463000.00, 0.00, 0.00, 0.00, 0.00, 116778000.00),
	('2016', '003', '501010306', 48657500.00, 48657500.00, 48657500.00, 0.00, 0.00, 0.00, 48657500.00, 48657500.00, 48657500.00, 0.00, 0.00, 0.00, 0.00, 291945000.00),
	('2016', '003', '501010307', 38926000.00, 38926000.00, 38926000.00, 38926000.00, 38926000.00, 38926000.00, 0.00, 0.00, 0.00, 0.00, 0.00, 0.00, 0.00, 233556000.00),
	('2016', '003', '501010308', 0.00, 0.00, 0.00, 0.00, 0.00, 0.00, 58389000.00, 58389000.00, 58389000.00, 58389000.00, 58389000.00, 58389000.00, 0.00, 350334000.00),
	('2016', '003', '5010104', 0.00, 0.00, 0.00, 0.00, 0.00, 0.00, 0.00, 0.00, 0.00, 0.00, 0.00, 0.00, 0.00, 0.00),
	('2016', '003', '501010401', 0.00, 0.00, 0.00, 0.00, 0.00, 0.00, 0.00, 0.00, 0.00, 0.00, 0.00, 0.00, 0.00, 0.00),
	('2016', '003', '501010402', 0.00, 0.00, 0.00, 0.00, 0.00, 0.00, 0.00, 0.00, 0.00, 0.00, 0.00, 0.00, 0.00, 0.00),
	('2016', '003', '501010403', 0.00, 0.00, 0.00, 0.00, 0.00, 0.00, 0.00, 0.00, 0.00, 0.00, 0.00, 0.00, 0.00, 0.00),
	('2016', '003', '501010404', 0.00, 0.00, 0.00, 0.00, 0.00, 0.00, 0.00, 0.00, 0.00, 0.00, 0.00, 0.00, 0.00, 0.00),
	('2016', '003', '501010405', 2500000.00, 2500000.00, 2500000.00, 2500000.00, 2500000.00, 2500000.00, 2500000.00, 2500000.00, 2500000.00, 2500000.00, 2500000.00, 2500000.00, 0.00, 30000000.00),
	('2016', '003', '501010406', 0.00, 0.00, 0.00, 0.00, 0.00, 0.00, 0.00, 0.00, 0.00, 0.00, 0.00, 0.00, 0.00, 0.00),
	('2016', '003', '502', 0.00, 0.00, 0.00, 0.00, 0.00, 0.00, 0.00, 0.00, 0.00, 0.00, 0.00, 0.00, 0.00, 0.00),
	('2016', '003', '50201', 0.00, 0.00, 0.00, 0.00, 0.00, 0.00, 0.00, 0.00, 0.00, 0.00, 0.00, 0.00, 0.00, 0.00),
	('2016', '003', '5020101', 19722500.00, 19722500.00, 19722500.00, 19722500.00, 19722500.00, 19722500.00, 19722500.00, 19722500.00, 19722500.00, 19722500.00, 19722500.00, 19722500.00, 0.00, 236670000.00),
	('2016', '003', '5020102', 500000.00, 500000.00, 500000.00, 500000.00, 500000.00, 1000000.00, 500000.00, 500000.00, 500000.00, 500000.00, 500000.00, 500000.00, 0.00, 6500000.00),
	('2016', '003', '50202', 0.00, 0.00, 0.00, 0.00, 0.00, 0.00, 0.00, 0.00, 0.00, 0.00, 0.00, 0.00, 0.00, 0.00),
	('2016', '003', '5020201', 750000.00, 750000.00, 750000.00, 750000.00, 750000.00, 750000.00, 750000.00, 750000.00, 750000.00, 750000.00, 750000.00, 750000.00, 0.00, 9000000.00),
	('2016', '003', '5020202', 733333.00, 733333.00, 733333.00, 733333.00, 733333.00, 733333.00, 733333.00, 733333.00, 733333.00, 733333.00, 733333.00, 733333.00, 0.00, 8799996.00),
	('2016', '003', '50203', 350000.00, 350000.00, 350000.00, 350000.00, 350000.00, 350000.00, 350000.00, 350000.00, 350000.00, 350000.00, 350000.00, 350000.00, 0.00, 4200000.00),
	('2016', '003', '50204', 0.00, 0.00, 0.00, 0.00, 0.00, 0.00, 0.00, 0.00, 0.00, 0.00, 0.00, 0.00, 0.00, 0.00),
	('2016', '003', '50205', 0.00, 0.00, 0.00, 0.00, 0.00, 0.00, 0.00, 0.00, 0.00, 0.00, 0.00, 0.00, 0.00, 0.00),
	('2016', '003', '50206', 0.00, 0.00, 0.00, 0.00, 0.00, 0.00, 0.00, 0.00, 0.00, 0.00, 0.00, 0.00, 0.00, 0.00),
	('2016', '003', '50207', 0.00, 0.00, 0.00, 0.00, 0.00, 0.00, 0.00, 0.00, 0.00, 0.00, 0.00, 0.00, 0.00, 0.00),
	('2016', '003', '503', 0.00, 0.00, 0.00, 0.00, 0.00, 0.00, 0.00, 0.00, 0.00, 0.00, 0.00, 0.00, 0.00, 0.00),
	('2016', '003', '50301', 0.00, 0.00, 0.00, 0.00, 0.00, 0.00, 0.00, 0.00, 0.00, 0.00, 0.00, 0.00, 0.00, 0.00),
	('2016', '003', '50302', 0.00, 0.00, 0.00, 0.00, 0.00, 0.00, 0.00, 0.00, 0.00, 0.00, 0.00, 0.00, 0.00, 0.00),
	('2016', '003', '5030201', 916637.00, 916637.00, 916637.00, 916637.00, 916637.00, 916637.00, 916637.00, 916637.00, 916637.00, 916637.00, 916637.00, 916637.00, 0.00, 10999644.00),
	('2016', '003', '5030202', 0.00, 0.00, 0.00, 0.00, 0.00, 0.00, 0.00, 0.00, 0.00, 0.00, 0.00, 0.00, 0.00, 0.00),
	('2016', '003', '5030203', 0.00, 0.00, 0.00, 0.00, 0.00, 0.00, 0.00, 0.00, 0.00, 0.00, 0.00, 0.00, 0.00, 0.00),
	('2016', '003', '5030204', 1030260.00, 1030260.00, 1030260.00, 1030260.00, 1030260.00, 1030260.00, 1030260.00, 1030260.00, 1030260.00, 1030260.00, 1030260.00, 1030260.00, 0.00, 12363120.00),
	('2016', '003', '5030205', 0.00, 0.00, 0.00, 0.00, 0.00, 0.00, 0.00, 0.00, 0.00, 0.00, 0.00, 0.00, 0.00, 0.00),
	('2016', '003', '50303', 0.00, 0.00, 0.00, 0.00, 0.00, 0.00, 0.00, 0.00, 0.00, 0.00, 0.00, 0.00, 0.00, 0.00),
	('2016', '003', '5030301', 0.00, 0.00, 0.00, 0.00, 0.00, 0.00, 0.00, 0.00, 0.00, 0.00, 0.00, 0.00, 0.00, 0.00),
	('2016', '003', '5030302', 0.00, 0.00, 0.00, 0.00, 0.00, 0.00, 0.00, 0.00, 0.00, 0.00, 0.00, 0.00, 0.00, 0.00),
	('2016', '003', '5030303', 5000000.00, 0.00, 0.00, 0.00, 0.00, 2000000.00, 0.00, 0.00, 0.00, 0.00, 1000000.00, 0.00, 0.00, 8000000.00),
	('2016', '003', '5030304', 0.00, 0.00, 0.00, 0.00, 0.00, 0.00, 0.00, 0.00, 0.00, 0.00, 0.00, 0.00, 0.00, 0.00),
	('2016', '003', '50304', 0.00, 0.00, 0.00, 0.00, 0.00, 0.00, 0.00, 0.00, 0.00, 0.00, 0.00, 0.00, 0.00, 0.00),
	('2016', '003', '5030401', 2500000.00, 2500000.00, 2500000.00, 2500000.00, 2500000.00, 2500000.00, 2500000.00, 2500000.00, 2500000.00, 2500000.00, 2500000.00, 2500000.00, 0.00, 30000000.00),
	('2016', '003', '5030402', 750000.00, 750000.00, 750000.00, 750000.00, 750000.00, 750000.00, 750000.00, 750000.00, 750000.00, 750000.00, 750000.00, 750000.00, 0.00, 9000000.00),
	('2016', '003', '5030403', 0.00, 0.00, 0.00, 0.00, 0.00, 0.00, 0.00, 0.00, 0.00, 0.00, 0.00, 0.00, 0.00, 0.00),
	('2016', '003', '5030404', 250000.00, 250000.00, 250000.00, 250000.00, 250000.00, 250000.00, 250000.00, 250000.00, 250000.00, 250000.00, 250000.00, 250000.00, 0.00, 3000000.00),
	('2016', '003', '5030405', 0.00, 0.00, 0.00, 0.00, 0.00, 0.00, 0.00, 0.00, 0.00, 0.00, 0.00, 0.00, 0.00, 0.00),
	('2016', '003', '5030406', 0.00, 0.00, 0.00, 0.00, 0.00, 0.00, 0.00, 0.00, 0.00, 0.00, 0.00, 0.00, 0.00, 0.00),
	('2016', '003', '50305', 0.00, 0.00, 0.00, 0.00, 0.00, 0.00, 0.00, 0.00, 0.00, 0.00, 0.00, 0.00, 0.00, 0.00),
	('2016', '003', '50306', 0.00, 0.00, 0.00, 0.00, 0.00, 0.00, 0.00, 0.00, 0.00, 0.00, 0.00, 0.00, 0.00, 0.00),
	('2016', '003', '50307', 4100000.00, 4100000.00, 4100000.00, 4100000.00, 4100000.00, 4100000.00, 4100000.00, 4100000.00, 4100000.00, 4100000.00, 4100000.00, 4100000.00, 0.00, 49200000.00),
	('2016', '003', '50308', 0.00, 0.00, 0.00, 0.00, 0.00, 0.00, 0.00, 0.00, 0.00, 0.00, 0.00, 1000000.00, 0.00, 1000000.00),
	('2016', '003', '50309', 0.00, 0.00, 0.00, 0.00, 0.00, 0.00, 0.00, 0.00, 0.00, 0.00, 0.00, 0.00, 0.00, 0.00),
	('2016', '003', '5030901', 0.00, 0.00, 0.00, 0.00, 0.00, 0.00, 0.00, 0.00, 0.00, 0.00, 0.00, 0.00, 0.00, 0.00),
	('2016', '003', '5030902', 0.00, 0.00, 0.00, 0.00, 0.00, 0.00, 0.00, 0.00, 0.00, 0.00, 0.00, 0.00, 0.00, 0.00),
	('2016', '003', '5030903', 0.00, 0.00, 0.00, 0.00, 0.00, 0.00, 0.00, 0.00, 0.00, 0.00, 0.00, 0.00, 0.00, 0.00),
	('2016', '003', '5030904', 0.00, 0.00, 0.00, 0.00, 0.00, 0.00, 0.00, 0.00, 0.00, 0.00, 0.00, 0.00, 0.00, 0.00),
	('2016', '003', '50310', 0.00, 0.00, 0.00, 0.00, 0.00, 0.00, 0.00, 0.00, 0.00, 0.00, 0.00, 0.00, 0.00, 0.00),
	('2016', '003', '5031001', 1150000.00, 1150000.00, 1150000.00, 1150000.00, 1150000.00, 1150000.00, 1150000.00, 1150000.00, 1150000.00, 1150000.00, 1150000.00, 1150000.00, 0.00, 13800000.00),
	('2016', '003', '5031002', 0.00, 0.00, 0.00, 0.00, 0.00, 0.00, 0.00, 0.00, 0.00, 0.00, 0.00, 0.00, 0.00, 0.00),
	('2016', '003', '50311', 200000.00, 200000.00, 200000.00, 200000.00, 200000.00, 200000.00, 200000.00, 200000.00, 200000.00, 200000.00, 200000.00, 200000.00, 0.00, 2400000.00),
	('2016', '003', '50312', 1450000.00, 1450000.00, 1450000.00, 1450000.00, 1450000.00, 1450000.00, 1450000.00, 1450000.00, 1450000.00, 1450000.00, 1450000.00, 1450000.00, 0.00, 17400000.00),
	('2016', '003', '50313', 0.00, 0.00, 0.00, 0.00, 0.00, 0.00, 0.00, 0.00, 0.00, 0.00, 0.00, 0.00, 0.00, 0.00),
	('2016', '003', '50314', 4100000.00, 4100000.00, 4100000.00, 4100000.00, 4100000.00, 4100000.00, 4100000.00, 4100000.00, 4100000.00, 4100000.00, 4100000.00, 4100000.00, 0.00, 49200000.00),
	('2016', '003', '50315', 300000.00, 300000.00, 300000.00, 300000.00, 300000.00, 300000.00, 300000.00, 300000.00, 300000.00, 300000.00, 300000.00, 300000.00, 0.00, 3600000.00),
	('2016', '003', '50316', 0.00, 0.00, 0.00, 0.00, 0.00, 0.00, 0.00, 0.00, 0.00, 0.00, 0.00, 0.00, 0.00, 0.00),
	('2016', '003', '5031601', 0.00, 0.00, 0.00, 0.00, 0.00, 0.00, 0.00, 0.00, 0.00, 0.00, 0.00, 0.00, 0.00, 0.00),
	('2016', '003', '5031602', 0.00, 0.00, 0.00, 0.00, 0.00, 0.00, 0.00, 0.00, 0.00, 0.00, 0.00, 0.00, 0.00, 0.00),
	('2016', '003', '5031603', 0.00, 0.00, 0.00, 0.00, 0.00, 0.00, 0.00, 0.00, 0.00, 0.00, 0.00, 0.00, 0.00, 0.00),
	('2016', '003', '5031604', 0.00, 0.00, 0.00, 0.00, 0.00, 0.00, 0.00, 0.00, 0.00, 0.00, 0.00, 0.00, 0.00, 0.00),
	('2016', '003', '50317', 0.00, 0.00, 0.00, 0.00, 0.00, 0.00, 0.00, 0.00, 0.00, 0.00, 0.00, 0.00, 0.00, 0.00),
	('2016', '003', '5031702', 0.00, 0.00, 0.00, 0.00, 0.00, 0.00, 0.00, 0.00, 0.00, 0.00, 0.00, 0.00, 0.00, 0.00),
	('2016', '003', '503170201', 0.00, 0.00, 0.00, 0.00, 0.00, 0.00, 0.00, 0.00, 0.00, 0.00, 0.00, 0.00, 0.00, 0.00),
	('2016', '003', '503170202', 0.00, 0.00, 0.00, 0.00, 0.00, 0.00, 0.00, 0.00, 0.00, 0.00, 0.00, 0.00, 0.00, 0.00),
	('2016', '003', '503170203', 79167.00, 79167.00, 79167.00, 79167.00, 79167.00, 79167.00, 79167.00, 79167.00, 79167.00, 79167.00, 79167.00, 79167.00, 0.00, 950004.00),
	('2016', '003', '503170204', 1302083.00, 1302083.00, 1302083.00, 1302083.00, 1302083.00, 1302083.00, 1302083.00, 1302083.00, 1302083.00, 1302083.00, 1302083.00, 1302083.00, 0.00, 15624996.00),
	('2016', '003', '503170205', 642083.00, 642083.00, 642083.00, 642083.00, 642083.00, 642083.00, 642083.00, 642083.00, 642083.00, 642083.00, 642083.00, 642083.00, 0.00, 7704996.00),
	('2016', '003', '503170206', 0.00, 0.00, 0.00, 0.00, 0.00, 0.00, 0.00, 0.00, 0.00, 0.00, 0.00, 0.00, 0.00, 0.00),
	('2016', '003', '503170207', 0.00, 0.00, 0.00, 0.00, 0.00, 0.00, 0.00, 0.00, 0.00, 0.00, 0.00, 0.00, 0.00, 0.00),
	('2016', '003', '5031703', 0.00, 0.00, 0.00, 0.00, 0.00, 0.00, 0.00, 0.00, 0.00, 0.00, 0.00, 0.00, 0.00, 0.00),
	('2016', '003', '503170301', 0.00, 0.00, 0.00, 0.00, 0.00, 0.00, 0.00, 0.00, 0.00, 0.00, 0.00, 0.00, 0.00, 0.00),
	('2016', '003', '503170302', 0.00, 0.00, 0.00, 0.00, 0.00, 0.00, 0.00, 0.00, 0.00, 0.00, 0.00, 0.00, 0.00, 0.00),
	('2016', '003', '503170303', 0.00, 0.00, 0.00, 0.00, 0.00, 0.00, 0.00, 0.00, 0.00, 0.00, 0.00, 0.00, 0.00, 0.00),
	('2016', '003', '50318', 0.00, 0.00, 0.00, 0.00, 0.00, 0.00, 0.00, 0.00, 0.00, 20200000.00, 0.00, 0.00, 0.00, 20200000.00),
	('2016', '003', '50319', 1000000.00, 1000000.00, 1000000.00, 1000000.00, 1000000.00, 1000000.00, 1000000.00, 1000000.00, 1000000.00, 1000000.00, 1000000.00, 1000000.00, 0.00, 12000000.00),
	('2016', '003', '504', 0.00, 0.00, 0.00, 0.00, 0.00, 0.00, 0.00, 0.00, 0.00, 0.00, 0.00, 0.00, 0.00, 0.00),
	('2016', '003', '6', 0.00, 0.00, 0.00, 0.00, 0.00, 0.00, 0.00, 0.00, 0.00, 0.00, 0.00, 0.00, 0.00, 0.00),
	('2016', '003', '602', 0.00, 0.00, 0.00, 0.00, 0.00, 0.00, 0.00, 0.00, 0.00, 0.00, 0.00, 0.00, 0.00, 0.00),
	('2016', '003', '60201', 0.00, 0.00, 0.00, 0.00, 0.00, 0.00, 0.00, 0.00, 0.00, 0.00, 0.00, 0.00, 0.00, 0.00),
	('2016', '003', '6020101', 32606844.00, 32606844.00, 32606844.00, 30149828.00, 30149828.00, 30149828.00, 54034320.00, 54034320.00, 54034320.00, 59371453.00, 59371453.00, 59371453.00, 0.00, 528487335.00),
	('2016', '003', '6020102', 0.00, 0.00, 0.00, 0.00, 0.00, 0.00, 0.00, 0.00, 0.00, 0.00, 0.00, 0.00, 0.00, 0.00),
	('2016', '003', '6020103', 0.00, 0.00, 0.00, 0.00, 0.00, 0.00, 0.00, 0.00, 0.00, 0.00, 0.00, 0.00, 0.00, 0.00),
	('2016', '003', '60202', 0.00, 0.00, 0.00, 0.00, 0.00, 0.00, 0.00, 0.00, 0.00, 0.00, 0.00, 0.00, 0.00, 0.00),
	('2016', '003', '6020201', 33606844.00, 33606844.00, 33606844.00, 31149828.00, 31149828.00, 31149828.00, 55034320.00, 55034320.00, 55034320.00, 60371453.00, 60371453.00, 60371453.00, 0.00, 540487335.00),
	('2016', '003', '6020202', 0.00, 0.00, 0.00, 0.00, 0.00, 0.00, 0.00, 0.00, 0.00, 0.00, 0.00, 0.00, 0.00, 0.00),
	('2016', '003', '6020203', 0.00, 0.00, 0.00, 0.00, 0.00, 0.00, 0.00, 0.00, 0.00, 0.00, 0.00, 0.00, 0.00, 0.00),
	('2016', '003', '60206', 1000000.00, 1000000.00, 1000000.00, 1000000.00, 1000000.00, 1000000.00, 1000000.00, 1000000.00, 1000000.00, 1000000.00, 1000000.00, 1000000.00, 0.00, 12000000.00),
	('2016', '003', '7', 0.00, 0.00, 0.00, 0.00, 0.00, 0.00, 0.00, 0.00, 0.00, 0.00, 0.00, 0.00, 0.00, 0.00),
	('2016', '003', '701', 0.00, 0.00, 0.00, 0.00, 0.00, 0.00, 0.00, 0.00, 0.00, 0.00, 0.00, 0.00, 0.00, 0.00),
	('2016', '003', '70101', 0.00, 0.00, 0.00, 0.00, 0.00, 0.00, 0.00, 0.00, 0.00, 0.00, 0.00, 0.00, 0.00, 0.00),
	('2016', '003', '7010101', 0.00, 0.00, 0.00, 0.00, 0.00, 0.00, 0.00, 0.00, 0.00, 0.00, 0.00, 0.00, 0.00, 0.00),
	('2016', '003', '7010102', 0.00, 0.00, 0.00, 0.00, 0.00, 0.00, 0.00, 0.00, 0.00, 0.00, 0.00, 0.00, 0.00, 0.00),
	('2016', '003', '70102', 0.00, 0.00, 0.00, 0.00, 0.00, 0.00, 0.00, 0.00, 0.00, 0.00, 0.00, 0.00, 0.00, 0.00),
	('2016', '003', '7010201', 0.00, 0.00, 0.00, 0.00, 0.00, 0.00, 0.00, 0.00, 0.00, 0.00, 0.00, 0.00, 0.00, 0.00),
	('2016', '003', '7010202', 0.00, 0.00, 0.00, 0.00, 0.00, 0.00, 0.00, 0.00, 0.00, 0.00, 0.00, 0.00, 0.00, 0.00),
	('2016', '003', '70103', 0.00, 0.00, 0.00, 0.00, 0.00, 0.00, 0.00, 0.00, 0.00, 0.00, 0.00, 0.00, 0.00, 0.00),
	('2016', '003', '70104', 0.00, 0.00, 0.00, 0.00, 0.00, 0.00, 0.00, 0.00, 0.00, 0.00, 0.00, 0.00, 0.00, 0.00),
	('2016', '003', '70105', 0.00, 0.00, 0.00, 0.00, 0.00, 0.00, 0.00, 0.00, 0.00, 0.00, 0.00, 0.00, 0.00, 0.00),
	('2016', '003', '70106', 0.00, 0.00, 0.00, 0.00, 0.00, 0.00, 0.00, 0.00, 0.00, 0.00, 0.00, 0.00, 0.00, 0.00),
	('2016', '003', '70107', 0.00, 0.00, 0.00, 0.00, 0.00, 0.00, 0.00, 0.00, 0.00, 0.00, 0.00, 0.00, 0.00, 0.00),
	('2016', '003', '702', 0.00, 0.00, 0.00, 0.00, 0.00, 0.00, 0.00, 0.00, 0.00, 0.00, 0.00, 0.00, 0.00, 0.00),
	('2016', '003', '70201', 0.00, 0.00, 0.00, 0.00, 0.00, 0.00, 0.00, 0.00, 0.00, 0.00, 0.00, 0.00, 0.00, 0.00),
	('2016', '003', '70202', 0.00, 0.00, 0.00, 0.00, 0.00, 0.00, 0.00, 0.00, 0.00, 0.00, 0.00, 0.00, 0.00, 0.00),
	('2016', '003', '70203', 0.00, 0.00, 0.00, 0.00, 0.00, 0.00, 0.00, 0.00, 0.00, 0.00, 0.00, 0.00, 0.00, 0.00),
	('2016', '003', '70204', 0.00, 0.00, 0.00, 0.00, 0.00, 0.00, 0.00, 0.00, 0.00, 0.00, 0.00, 0.00, 0.00, 0.00),
	('2016', '003', '70205', 0.00, 0.00, 0.00, 0.00, 0.00, 0.00, 0.00, 0.00, 0.00, 0.00, 0.00, 0.00, 0.00, 0.00),
	('2016', '003', '70206', 0.00, 0.00, 0.00, 0.00, 0.00, 0.00, 0.00, 0.00, 0.00, 0.00, 0.00, 0.00, 0.00, 0.00),
	('2016', '003', '70207', 0.00, 0.00, 0.00, 0.00, 0.00, 0.00, 0.00, 0.00, 0.00, 0.00, 0.00, 0.00, 0.00, 0.00),
	('2016', '003', '70208', 0.00, 0.00, 0.00, 0.00, 0.00, 0.00, 0.00, 0.00, 0.00, 0.00, 0.00, 0.00, 0.00, 0.00),
	('2016', '003', '703', 0.00, 0.00, 0.00, 0.00, 0.00, 0.00, 0.00, 0.00, 0.00, 0.00, 0.00, 0.00, 0.00, 0.00),
	('2016', '003', '70301', 0.00, 0.00, 0.00, 0.00, 0.00, 0.00, 0.00, 0.00, 0.00, 0.00, 0.00, 0.00, 0.00, 0.00),
	('2016', '003', '70302', 0.00, 0.00, 0.00, 0.00, 0.00, 0.00, 0.00, 0.00, 0.00, 0.00, 0.00, 0.00, 0.00, 0.00),
	('2016', '003', '70303', 0.00, 0.00, 0.00, 0.00, 0.00, 0.00, 0.00, 0.00, 0.00, 0.00, 0.00, 0.00, 0.00, 0.00),
	('2016', '003', '70304', 0.00, 0.00, 0.00, 0.00, 0.00, 0.00, 0.00, 0.00, 0.00, 0.00, 0.00, 0.00, 0.00, 0.00),
	('2016', '003', '70305', 0.00, 0.00, 0.00, 0.00, 0.00, 0.00, 0.00, 0.00, 0.00, 0.00, 0.00, 0.00, 0.00, 0.00),
	('2016', '003', '704', 0.00, 0.00, 0.00, 0.00, 0.00, 0.00, 0.00, 0.00, 0.00, 0.00, 0.00, 0.00, 0.00, 0.00),
	('2016', '003', '70401', 0.00, 0.00, 0.00, 0.00, 0.00, 0.00, 0.00, 0.00, 0.00, 0.00, 0.00, 0.00, 0.00, 0.00),
	('2016', '003', '70402', 0.00, 0.00, 0.00, 0.00, 0.00, 0.00, 0.00, 0.00, 0.00, 0.00, 0.00, 0.00, 0.00, 0.00),
	('2016', '003', '70403', 0.00, 0.00, 0.00, 0.00, 0.00, 0.00, 0.00, 0.00, 0.00, 0.00, 0.00, 0.00, 0.00, 0.00),
	('2016', '003', '70404', 0.00, 0.00, 0.00, 0.00, 0.00, 0.00, 0.00, 0.00, 0.00, 0.00, 0.00, 0.00, 0.00, 0.00),
	('2016', '003', '705', 0.00, 0.00, 0.00, 0.00, 0.00, 0.00, 0.00, 0.00, 0.00, 0.00, 0.00, 0.00, 0.00, 0.00),
	('2016', '003', '70501', 0.00, 0.00, 0.00, 0.00, 0.00, 0.00, 0.00, 0.00, 0.00, 0.00, 0.00, 0.00, 0.00, 0.00),
	('2016', '003', '70502', 0.00, 0.00, 0.00, 0.00, 0.00, 0.00, 0.00, 0.00, 0.00, 0.00, 0.00, 0.00, 0.00, 0.00),
	('2016', '003', '70503', 0.00, 0.00, 0.00, 0.00, 0.00, 0.00, 0.00, 0.00, 0.00, 0.00, 0.00, 0.00, 0.00, 0.00),
	('2016', '003', '70504', 0.00, 0.00, 0.00, 0.00, 0.00, 0.00, 0.00, 0.00, 0.00, 0.00, 0.00, 0.00, 0.00, 0.00),
	('2016', '003', '70505', 0.00, 0.00, 0.00, 0.00, 0.00, 0.00, 0.00, 0.00, 0.00, 0.00, 0.00, 0.00, 0.00, 0.00),
	('2016', '003', '70506', 0.00, 0.00, 0.00, 0.00, 0.00, 0.00, 0.00, 0.00, 0.00, 0.00, 0.00, 0.00, 0.00, 0.00),
	('2016', '003', '706', 0.00, 0.00, 0.00, 0.00, 0.00, 0.00, 0.00, 0.00, 0.00, 0.00, 0.00, 0.00, 0.00, 0.00),
	('2016', '003', '707', 0.00, 0.00, 0.00, 0.00, 0.00, 0.00, 0.00, 0.00, 0.00, 0.00, 0.00, 0.00, 0.00, 0.00),
	('2016', '003', '708', 0.00, 0.00, 0.00, 0.00, 0.00, 0.00, 0.00, 0.00, 0.00, 0.00, 0.00, 0.00, 0.00, 0.00),
	('2016', '003', '709', 0.00, 0.00, 0.00, 0.00, 0.00, 0.00, 0.00, 0.00, 0.00, 0.00, 0.00, 0.00, 0.00, 0.00),
	('2016', '003', '710', 0.00, 0.00, 0.00, 0.00, 0.00, 0.00, 0.00, 0.00, 0.00, 0.00, 0.00, 0.00, 0.00, 0.00),
	('2016', '003', '71001', 0.00, 0.00, 0.00, 0.00, 0.00, 0.00, 0.00, 0.00, 0.00, 0.00, 0.00, 0.00, 0.00, 0.00),
	('2016', '003', '71002', 0.00, 0.00, 0.00, 0.00, 0.00, 0.00, 0.00, 0.00, 0.00, 0.00, 0.00, 0.00, 0.00, 0.00),
	('2016', '003', '71003', 0.00, 0.00, 0.00, 0.00, 0.00, 0.00, 0.00, 0.00, 0.00, 0.00, 0.00, 0.00, 0.00, 0.00),
	('2016', '003', '71004', 0.00, 0.00, 0.00, 0.00, 0.00, 0.00, 0.00, 0.00, 0.00, 0.00, 0.00, 0.00, 0.00, 0.00),
	('2016', '003', '711', 0.00, 0.00, 0.00, 0.00, 0.00, 0.00, 0.00, 0.00, 0.00, 0.00, 0.00, 0.00, 0.00, 0.00),
	('2016', '003', '71101', 0.00, 0.00, 0.00, 0.00, 0.00, 0.00, 0.00, 0.00, 0.00, 0.00, 0.00, 0.00, 0.00, 0.00),
	('2016', '003', '71102', 0.00, 0.00, 0.00, 0.00, 0.00, 0.00, 0.00, 0.00, 0.00, 0.00, 0.00, 0.00, 0.00, 0.00),
	('2016', '003', '712', 0.00, 0.00, 0.00, 0.00, 0.00, 0.00, 0.00, 0.00, 0.00, 0.00, 0.00, 0.00, 0.00, 0.00),
	('2016', '003', '713', 0.00, 0.00, 0.00, 0.00, 0.00, 0.00, 0.00, 0.00, 0.00, 0.00, 0.00, 0.00, 0.00, 0.00),
	('2016', '003', '714', 0.00, 0.00, 0.00, 0.00, 0.00, 0.00, 0.00, 0.00, 0.00, 0.00, 0.00, 0.00, 0.00, 0.00),
	('2016', '003', '715', 0.00, 0.00, 0.00, 0.00, 0.00, 0.00, 0.00, 0.00, 0.00, 0.00, 0.00, 0.00, 0.00, 0.00),
	('2016', '003', '716', 0.00, 0.00, 0.00, 0.00, 0.00, 0.00, 0.00, 0.00, 0.00, 0.00, 0.00, 0.00, 0.00, 0.00),
	('2016', '003', '717', 0.00, 0.00, 0.00, 0.00, 0.00, 0.00, 0.00, 0.00, 0.00, 0.00, 0.00, 0.00, 0.00, 0.00),
	('2016', '003', '718', 0.00, 0.00, 0.00, 0.00, 0.00, 0.00, 0.00, 0.00, 0.00, 0.00, 0.00, 0.00, 0.00, 0.00),
	('2016', '003', '71802', 0.00, 0.00, 0.00, 0.00, 0.00, 0.00, 0.00, 0.00, 0.00, 0.00, 0.00, 0.00, 0.00, 0.00),
	('2016', '003', '7180201', 0.00, 0.00, 0.00, 0.00, 0.00, 0.00, 0.00, 0.00, 0.00, 0.00, 0.00, 0.00, 0.00, 0.00),
	('2016', '003', '7180202', 0.00, 0.00, 0.00, 0.00, 0.00, 0.00, 0.00, 0.00, 0.00, 0.00, 0.00, 0.00, 0.00, 0.00),
	('2016', '003', '7180203', 0.00, 0.00, 0.00, 0.00, 0.00, 0.00, 0.00, 0.00, 0.00, 0.00, 0.00, 0.00, 0.00, 0.00),
	('2016', '003', '7180204', 0.00, 0.00, 0.00, 0.00, 0.00, 0.00, 0.00, 0.00, 0.00, 0.00, 0.00, 0.00, 0.00, 0.00),
	('2016', '003', '7180205', 0.00, 0.00, 0.00, 0.00, 0.00, 0.00, 0.00, 0.00, 0.00, 0.00, 0.00, 0.00, 0.00, 0.00),
	('2016', '003', '7180206', 0.00, 0.00, 0.00, 0.00, 0.00, 0.00, 0.00, 0.00, 0.00, 0.00, 0.00, 0.00, 0.00, 0.00),
	('2016', '003', '7180207', 0.00, 0.00, 0.00, 0.00, 0.00, 0.00, 0.00, 0.00, 0.00, 0.00, 0.00, 0.00, 0.00, 0.00),
	('2016', '003', '71803', 0.00, 0.00, 0.00, 0.00, 0.00, 0.00, 0.00, 0.00, 0.00, 0.00, 0.00, 0.00, 0.00, 0.00),
	('2016', '003', '7180301', 0.00, 0.00, 0.00, 0.00, 0.00, 0.00, 0.00, 0.00, 0.00, 0.00, 0.00, 0.00, 0.00, 0.00),
	('2016', '003', '7180302', 0.00, 0.00, 0.00, 0.00, 0.00, 0.00, 0.00, 0.00, 0.00, 0.00, 0.00, 0.00, 0.00, 0.00),
	('2016', '003', '7180303', 0.00, 0.00, 0.00, 0.00, 0.00, 0.00, 0.00, 0.00, 0.00, 0.00, 0.00, 0.00, 0.00, 0.00),
	('2016', '003', '719', 0.00, 0.00, 0.00, 0.00, 0.00, 0.00, 0.00, 0.00, 0.00, 0.00, 0.00, 0.00, 0.00, 0.00),
	('2016', '003', '71901', 0.00, 0.00, 0.00, 0.00, 0.00, 0.00, 0.00, 0.00, 0.00, 0.00, 0.00, 0.00, 0.00, 0.00),
	('2016', '003', '71902', 0.00, 0.00, 0.00, 0.00, 0.00, 0.00, 0.00, 0.00, 0.00, 0.00, 0.00, 0.00, 0.00, 0.00),
	('2016', '003', '71903', 0.00, 0.00, 0.00, 0.00, 0.00, 0.00, 0.00, 0.00, 0.00, 0.00, 0.00, 0.00, 0.00, 0.00),
	('2016', '003', '8', 0.00, 0.00, 0.00, 0.00, 0.00, 0.00, 0.00, 0.00, 0.00, 0.00, 0.00, 0.00, 0.00, 0.00),
	('2016', '003', '801', 0.00, 0.00, 0.00, 0.00, 0.00, 0.00, 0.00, 0.00, 0.00, 0.00, 0.00, 0.00, 0.00, 0.00),
	('2016', '003', '80101', 500000.00, 500000.00, 500000.00, 500000.00, 500000.00, 500000.00, 500000.00, 500000.00, 500000.00, 500000.00, 500000.00, 500000.00, 0.00, 6000000.00),
	('2016', '003', '80102', 0.00, 0.00, 0.00, 0.00, 0.00, 0.00, 0.00, 0.00, 0.00, 0.00, 0.00, 0.00, 0.00, 0.00),
	('2016', '003', '80103', 0.00, 0.00, 0.00, 0.00, 0.00, 0.00, 0.00, 0.00, 0.00, 0.00, 0.00, 0.00, 0.00, 0.00),
	('2016', '003', '80104', 0.00, 0.00, 0.00, 0.00, 0.00, 0.00, 0.00, 0.00, 0.00, 0.00, 0.00, 0.00, 0.00, 0.00),
	('2016', '003', '80105', 0.00, 0.00, 0.00, 0.00, 0.00, 0.00, 0.00, 0.00, 0.00, 0.00, 0.00, 0.00, 0.00, 0.00),
	('2016', '003', '80106', 0.00, 0.00, 0.00, 0.00, 0.00, 0.00, 0.00, 0.00, 0.00, 0.00, 0.00, 0.00, 0.00, 0.00),
	('2016', '003', '80107', 0.00, 0.00, 0.00, 0.00, 0.00, 0.00, 0.00, 0.00, 0.00, 0.00, 0.00, 0.00, 0.00, 0.00),
	('2016', '003', '802', 0.00, 0.00, 0.00, 0.00, 0.00, 0.00, 0.00, 0.00, 0.00, 0.00, 0.00, 0.00, 0.00, 0.00),
	('2016', '003', '80201', 500000.00, 500000.00, 500000.00, 500000.00, 500000.00, 500000.00, 500000.00, 500000.00, 500000.00, 500000.00, 500000.00, 500000.00, 0.00, 6000000.00),
	('2016', '003', '80202', 58500000.00, 58500000.00, 58500000.00, 58500000.00, 58500000.00, 58500000.00, 58500000.00, 58500000.00, 58500000.00, 58500000.00, 58500000.00, 58500000.00, 0.00, 702000000.00),
	('2016', '003', '80203', 0.00, 0.00, 0.00, 0.00, 0.00, 0.00, 0.00, 0.00, 0.00, 0.00, 0.00, 0.00, 0.00, 0.00),
	('2016', '003', '80204', 0.00, 0.00, 0.00, 0.00, 0.00, 0.00, 0.00, 0.00, 0.00, 0.00, 0.00, 0.00, 0.00, 0.00),
	('2016', '003', '80205', 0.00, 0.00, 0.00, 0.00, 0.00, 0.00, 0.00, 0.00, 0.00, 0.00, 0.00, 0.00, 0.00, 0.00),
	('2016', '003', '80206', 0.00, 0.00, 0.00, 0.00, 0.00, 0.00, 0.00, 0.00, 0.00, 0.00, 0.00, 0.00, 0.00, 0.00),
	('2016', '003', '80207', 0.00, 0.00, 0.00, 0.00, 0.00, 0.00, 0.00, 0.00, 0.00, 0.00, 0.00, 0.00, 0.00, 0.00),
	('2016', '003', '80208', 0.00, 0.00, 0.00, 0.00, 0.00, 0.00, 0.00, 0.00, 0.00, 0.00, 0.00, 0.00, 0.00, 0.00),
	('2016', '003', '9', 0.00, 0.00, 0.00, 0.00, 0.00, 0.00, 0.00, 0.00, 0.00, 0.00, 0.00, 0.00, 0.00, 0.00),
	('2016', '003', '901', 0.00, 0.00, 0.00, 0.00, 0.00, 0.00, 0.00, 0.00, 0.00, 0.00, 0.00, 0.00, 0.00, 0.00),
	('2016', '003', '903', 0.00, 0.00, 0.00, 0.00, 0.00, 0.00, 0.00, 0.00, 0.00, 0.00, 0.00, 0.00, 0.00, 0.00),
	('2016', '003', '904', 0.00, 0.00, 0.00, 0.00, 0.00, 0.00, 0.00, 0.00, 0.00, 0.00, 0.00, 0.00, 0.00, 0.00);
/*!40000 ALTER TABLE `budget_perkiraan` ENABLE KEYS */;


-- Dumping structure for table tatamasa_live.cpa
CREATE TABLE IF NOT EXISTS `cpa` (
  `id_cpa` int(11) NOT NULL auto_increment,
  `id_master` char(15) NOT NULL,
  `kode_perk` char(15) NOT NULL,
  `kode_cflow` char(15) NOT NULL,
  `keterangan` char(200) NOT NULL,
  `jumlah` decimal(15,2) NOT NULL default '0.00',
  `status` tinyint(4) NOT NULL default '0',
  PRIMARY KEY  (`id_cpa`)
) ENGINE=InnoDB DEFAULT CHARSET=latin1;

-- Dumping data for table tatamasa_live.cpa: ~0 rows (approximately)
/*!40000 ALTER TABLE `cpa` DISABLE KEYS */;
/*!40000 ALTER TABLE `cpa` ENABLE KEYS */;


-- Dumping structure for table tatamasa_live.cpa_cflow
CREATE TABLE IF NOT EXISTS `cpa_cflow` (
  `id_cpa` int(11) NOT NULL auto_increment,
  `id_master` char(15) NOT NULL default '',
  `kode_cflow` char(15) NOT NULL default '',
  `keterangan` char(200) NOT NULL default '',
  `jumlah` decimal(15,2) NOT NULL default '0.00',
  `status` tinyint(1) NOT NULL default '0',
  PRIMARY KEY  (`id_cpa`)
) ENGINE=InnoDB DEFAULT CHARSET=latin1 ROW_FORMAT=COMPACT;

-- Dumping data for table tatamasa_live.cpa_cflow: ~0 rows (approximately)
/*!40000 ALTER TABLE `cpa_cflow` DISABLE KEYS */;
/*!40000 ALTER TABLE `cpa_cflow` ENABLE KEYS */;


-- Dumping structure for table tatamasa_live.cpa_perk
CREATE TABLE IF NOT EXISTS `cpa_perk` (
  `id_cpa` int(11) NOT NULL auto_increment,
  `id_master` char(15) NOT NULL default '',
  `kode_perk` char(15) NOT NULL default '',
  `keterangan` char(200) NOT NULL default '',
  `jumlah` decimal(15,2) NOT NULL default '0.00',
  `status` tinyint(1) NOT NULL default '0',
  PRIMARY KEY  (`id_cpa`)
) ENGINE=InnoDB DEFAULT CHARSET=latin1;

-- Dumping data for table tatamasa_live.cpa_perk: ~0 rows (approximately)
/*!40000 ALTER TABLE `cpa_perk` DISABLE KEYS */;
/*!40000 ALTER TABLE `cpa_perk` ENABLE KEYS */;


-- Dumping structure for table tatamasa_live.integrasi_jurnal
CREATE TABLE IF NOT EXISTS `integrasi_jurnal` (
  `id_integrasi` int(11) NOT NULL auto_increment,
  `nama_integrasi` char(50) NOT NULL default '',
  `kode_perk` char(25) NOT NULL default '',
  `keterangan` char(70) NOT NULL default '',
  PRIMARY KEY  (`id_integrasi`)
) ENGINE=InnoDB DEFAULT CHARSET=latin1;

-- Dumping data for table tatamasa_live.integrasi_jurnal: ~7 rows (approximately)
/*!40000 ALTER TABLE `integrasi_jurnal` DISABLE KEYS */;
REPLACE INTO `integrasi_jurnal` (`id_integrasi`, `nama_integrasi`, `kode_perk`, `keterangan`) VALUES
	(1, 'Pendapatan booking', '40101', ''),
	(2, 'Pendapatan angsuran', '201050201', ''),
	(3, 'Pendapatan Pelunasan', '80107', ''),
	(4, 'Pendapatan sisa KPR', '80107', ''),
	(5, 'Pendapatan cash keras', '80107', ''),
	(6, 'Pendapatan kelebihan tanah', '40105', ''),
	(7, 'Jurnal Accr', '201050101', '');
/*!40000 ALTER TABLE `integrasi_jurnal` ENABLE KEYS */;


-- Dumping structure for table tatamasa_live.master_advance
CREATE TABLE IF NOT EXISTS `master_advance` (
  `id_advance` char(15) NOT NULL,
  `id_kyw` char(6) NOT NULL,
  `jml_uang` decimal(15,2) NOT NULL default '0.00',
  `id_proyek` char(3) NOT NULL,
  `id_kurs` char(3) NOT NULL default '0',
  `nilai_kurs` decimal(15,2) NOT NULL default '0.00',
  `tgl_trans` date NOT NULL default '0000-00-00',
  `tgl_jt` date NOT NULL default '0000-00-00',
  `pay_to` char(6) NOT NULL default '',
  `nama_akun_bank` char(50) NOT NULL default '',
  `no_akun_bank` char(25) NOT NULL default '',
  `nama_bank` char(50) NOT NULL default '',
  `keterangan` char(200) NOT NULL default '',
  `dok_po` tinyint(1) NOT NULL default '0' COMMENT 'flag dokumen PO',
  `dok_sp` tinyint(1) NOT NULL default '0' COMMENT 'flag dokumen Surat Penawaran',
  `dok_ssp` tinyint(1) NOT NULL default '0' COMMENT 'flag dokumen surat perjanjian kontrak',
  `dok_sspk` tinyint(1) NOT NULL default '0' COMMENT 'flag dokumen sesuai perintah kerja',
  `dok_sbj` tinyint(1) NOT NULL default '0' COMMENT 'flag dokumen surat Jaminan',
  `app_keuangan_id` char(6) NOT NULL default '0' COMMENT 'simpan idUser sistem',
  `app_hd_id` char(6) NOT NULL default '0',
  `app_gm_id` char(6) NOT NULL default '0',
  `app_keuangan_status` tinyint(1) NOT NULL default '0' COMMENT 'paid, approve, reject',
  `app_hd_status` tinyint(1) NOT NULL default '0',
  `app_gm_status` tinyint(1) NOT NULL default '0',
  `app_keuangan_tgl` date NOT NULL default '0000-00-00' COMMENT 'tgl approval',
  `app_hd_tgl` date NOT NULL default '0000-00-00',
  `app_gm_tgl` date NOT NULL default '0000-00-00',
  `app_keuangan_ket` char(200) NOT NULL default '' COMMENT 'keterangan approval',
  `app_hd_ket` char(200) NOT NULL default '',
  `app_gm_ket` char(200) NOT NULL default '',
  `app_user_id` char(6) NOT NULL default '0',
  `sisa` decimal(15,2) NOT NULL default '0.00',
  `inout_budget` tinyint(1) NOT NULL default '0',
  `status_settle` tinyint(1) NOT NULL default '0',
  `status_pp` tinyint(1) NOT NULL default '0',
  PRIMARY KEY  (`id_advance`)
) ENGINE=InnoDB DEFAULT CHARSET=latin1 ROW_FORMAT=COMPACT;

-- Dumping data for table tatamasa_live.master_advance: ~0 rows (approximately)
/*!40000 ALTER TABLE `master_advance` DISABLE KEYS */;
/*!40000 ALTER TABLE `master_advance` ENABLE KEYS */;


-- Dumping structure for table tatamasa_live.master_carabayar
CREATE TABLE IF NOT EXISTS `master_carabayar` (
  `id_carabayar` int(2) NOT NULL auto_increment,
  `nama_carabayar` char(50) default '',
  PRIMARY KEY  (`id_carabayar`)
) ENGINE=InnoDB DEFAULT CHARSET=latin1;

-- Dumping data for table tatamasa_live.master_carabayar: ~5 rows (approximately)
/*!40000 ALTER TABLE `master_carabayar` DISABLE KEYS */;
REPLACE INTO `master_carabayar` (`id_carabayar`, `nama_carabayar`) VALUES
	(1, 'Check'),
	(2, 'Giro'),
	(3, 'Transfer'),
	(4, 'Debet R/K'),
	(5, 'Tunai');
/*!40000 ALTER TABLE `master_carabayar` ENABLE KEYS */;


-- Dumping structure for table tatamasa_live.master_cashflow
CREATE TABLE IF NOT EXISTS `master_cashflow` (
  `kode_cflow` char(20) NOT NULL default '',
  `kode_alt` char(20) default NULL,
  `nama_cflow` char(70) default NULL,
  `kode_induk` char(20) NOT NULL default '',
  `level` tinyint(2) unsigned NOT NULL default '0',
  `type` char(1) NOT NULL default '',
  `saldo_awal` decimal(17,2) NOT NULL default '0.00',
  `saldo_akhir` decimal(17,2) NOT NULL default '0.00',
  PRIMARY KEY  (`kode_cflow`)
) ENGINE=MyISAM DEFAULT CHARSET=latin1 ROW_FORMAT=FIXED;

-- Dumping data for table tatamasa_live.master_cashflow: 172 rows
/*!40000 ALTER TABLE `master_cashflow` DISABLE KEYS */;
REPLACE INTO `master_cashflow` (`kode_cflow`, `kode_alt`, `nama_cflow`, `kode_induk`, `level`, `type`, `saldo_awal`, `saldo_akhir`) VALUES
	('1', '1', 'KEGIATAN OPERASIONAL', '0', 1, 'G', 0.00, 0.00),
	('101', '11', 'ARUS KAS MASUK DARI OPERASIONAL', '1', 2, 'G', 0.00, 0.00),
	('10101', '111', 'Penerimaan Penjualan Unit', '101', 3, 'G', 0.00, 0.00),
	('1010101', '11101', 'Booking Fee', '10101', 4, 'D', 0.00, 0.00),
	('1010102', '11102', 'Down Payment (DP)', '10101', 4, 'D', 0.00, 0.00),
	('1010103', '11103', 'Pelunasan / Pencairan KPR / Cash Keras', '10101', 4, 'D', 0.00, 0.00),
	('1010104', '', 'Kelebihan Tanah', '10101', 4, 'D', 0.00, 0.00),
	('10102', '112', 'Penerimaan Pajak', '101', 3, 'G', 0.00, 0.00),
	('1010201', '11201', 'Penerimaan PPN Keluaran', '10102', 4, 'D', 0.00, 0.00),
	('10103', '119', 'Penerimaan Lain-lain', '101', 3, 'G', 0.00, 0.00),
	('1010301', '11901', 'Penerimaan Bunga Bank', '10103', 4, 'D', 0.00, 0.00),
	('1010302', '11999', 'Penerimaan Lainnya', '10103', 4, 'D', 0.00, 0.00),
	('102', '12', 'ARUS KAS KELUAR UNTUK OPERASIONAL', '1', 2, 'G', 0.00, 0.00),
	('10201', '121', 'Pengeluaran Pengembangan Proyek', '102', 3, 'G', 0.00, 0.00),
	('1020101', '12101', 'Pengeluaran Perolehan Tanah Proyek', '10201', 4, 'D', 0.00, 0.00),
	('1020102', '12102', 'Biaya Bangunan', '10201', 4, 'D', 0.00, 0.00),
	('102010201', '1210201', 'Type Rumah', '1020102', 5, 'G', 0.00, 0.00),
	('10201020101', '121020101', 'Type A (type 55/96)', '102010201', 6, 'D', 0.00, 0.00),
	('10201020102', '121020102', 'Type B (type 43/72)', '102010201', 6, 'D', 0.00, 0.00),
	('10201020103', '121020103', 'Type C (type 48/90)', '102010201', 6, 'D', 0.00, 0.00),
	('10201020104', '121020104', 'Type D (type 50/84)', '102010201', 6, 'D', 0.00, 0.00),
	('102010202', '1210202', 'Biaya Penyambungan Listrik', '1020102', 5, 'D', 0.00, 0.00),
	('102010203', '1210203', 'Biaya Sumur Pantek + Perlengkapan per Rumah', '1020102', 5, 'D', 0.00, 0.00),
	('1020103', '12103', 'Biaya Perijinan', '10201', 4, 'D', 0.00, 0.00),
	('1020104', '12104', 'Biaya Sarana dan Prasarana', '10201', 4, 'G', 0.00, 0.00),
	('102010401', '1210401', 'Kantor Gerbang & Pagar Lingkungan', '1020104', 5, 'D', 0.00, 0.00),
	('102010402', '1210402', 'Pematangan Lahan', '1020104', 5, 'D', 0.00, 0.00),
	('102010403', '1210403', 'Jalan', '1020104', 5, 'D', 0.00, 0.00),
	('102010404', '1210404', 'Saluran', '1020104', 5, 'D', 0.00, 0.00),
	('102010405', '1210405', 'Taman', '1020104', 5, 'D', 0.00, 0.00),
	('102010406', '1210406', 'Fasum & Fasos', '1020104', 5, 'D', 0.00, 0.00),
	('102010407', '1210407', 'Pagar Lingkungan', '1020104', 5, 'D', 0.00, 0.00),
	('102010408', '1210408', 'Turap Kali', '1020104', 5, 'D', 0.00, 0.00),
	('1020105', '12105', 'Konsultan Developer', '10201', 4, 'G', 0.00, 0.00),
	('102010501', '1210501', 'Arsitek', '1020105', 5, 'D', 0.00, 0.00),
	('102010502', '1210502', 'Civil / Struktur', '1020105', 5, 'D', 0.00, 0.00),
	('102010503', '1210503', '"Mekanikal, Elektrikal & Plumbing"', '1020105', 5, 'D', 0.00, 0.00),
	('102010504', '1210504', 'QS', '1020105', 5, 'D', 0.00, 0.00),
	('102010505', '1210505', 'MK', '1020105', 5, 'D', 0.00, 0.00),
	('102010506', '1210506', 'Notaris', '1020105', 5, 'D', 0.00, 0.00),
	('10202', '122', 'Pengeluaran untuk Pemasaran', '102', 3, 'G', 0.00, 0.00),
	('1020201', '12201', 'Promosi', '10202', 4, 'G', 0.00, 0.00),
	('102020101', '1220101', 'Marketing Kit', '1020201', 5, 'D', 0.00, 0.00),
	('102020102', '1220102', '"Advertising, Promotion & Exhibition"', '1020201', 5, 'D', 0.00, 0.00),
	('102020103', '1220103', 'Advertising Designer', '1020201', 5, 'D', 0.00, 0.00),
	('1020202', '12202', 'Fee Marketing', '10202', 4, 'G', 0.00, 0.00),
	('102020201', '1220201', 'Marketing Fee', '1020202', 5, 'D', 0.00, 0.00),
	('102020202', '1220202', 'Marketing Agent', '1020202', 5, 'D', 0.00, 0.00),
	('102020203', '1220203', 'Brokerage Fee', '1020202', 5, 'D', 0.00, 0.00),
	('1020203', '12203', 'Entertainment', '10202', 4, 'D', 0.00, 0.00),
	('10203', '123', 'Biaya Overhead (O/H)', '102', 3, 'G', 0.00, 0.00),
	('1020301', '12301', 'Pengeluaran untuk Karyawan', '10203', 4, 'G', 0.00, 0.00),
	('102030101', '1230101', 'Gaji Kotor', '1020301', 5, 'G', 0.00, 0.00),
	('10203010101', '123010101', 'Gaji Bersih', '102030101', 6, 'D', 0.00, 0.00),
	('102030102', '1230102', 'Kesehatan Karyawan', '1020301', 5, 'G', 0.00, 0.00),
	('10203010201', '123010201', 'Kesehatan Outpatient', '102030102', 6, 'D', 0.00, 0.00),
	('10203010202', '123010202', 'Asuransi Kesehatan Inpatient', '102030102', 6, 'D', 0.00, 0.00),
	('102030103', '1230103', 'Komunikasi Karyawan', '1020301', 5, 'D', 0.00, 0.00),
	('102030104', '1230104', 'BPJS Ketenagakerjaan', '1020301', 5, 'D', 0.00, 0.00),
	('102030105', '1230105', 'Recruitment Karyawan', '1020301', 5, 'D', 0.00, 0.00),
	('102030106', '1230106', 'Trainning & Seminar', '1020301', 5, 'D', 0.00, 0.00),
	('102030107', '1230107', 'Imbalan Kerja', '1020301', 5, 'D', 0.00, 0.00),
	('1020302', '12302', 'Pengeluaran untuk Konsultan', '10203', 4, 'G', 0.00, 0.00),
	('102030201', '1230201', 'Auditor', '1020302', 5, 'D', 0.00, 0.00),
	('102030202', '1230202', 'Tax', '1020302', 5, 'D', 0.00, 0.00),
	('102030203', '1230203', 'Notaris', '1020302', 5, 'D', 0.00, 0.00),
	('102030204', '1230204', 'Law Firm', '1020302', 5, 'D', 0.00, 0.00),
	('102030205', '1230205', 'Business Development', '1020302', 5, 'D', 0.00, 0.00),
	('102030206', '1230206', '"Konsultan Mgt, Finance dan Adviser"', '1020302', 5, 'D', 0.00, 0.00),
	('102030207', '1230207', 'System', '1020302', 5, 'D', 0.00, 0.00),
	('102030208', '1230299', 'Konsultan Lainnya', '1020302', 5, 'D', 0.00, 0.00),
	('1020303', '12303', 'Pengeluaran Sewa', '10203', 4, 'G', 0.00, 0.00),
	('102030301', '1230301', 'Sewa Gedung', '1020303', 5, 'D', 0.00, 0.00),
	('102030302', '1230302', 'Sewa Tanah', '1020303', 5, 'D', 0.00, 0.00),
	('102030303', '1230303', 'Sewa Kendaraan Bermotor', '1020303', 5, 'D', 0.00, 0.00),
	('102030304', '1230304', 'Sewa Peralatan', '1020303', 5, 'D', 0.00, 0.00),
	('102030305', '1230399', 'Sewa Lainnya', '1020303', 5, 'D', 0.00, 0.00),
	('1020304', '12304', 'Pengeluaran Maintenance', '10203', 4, 'G', 0.00, 0.00),
	('102030401', '1230401', 'Maintenance Gedung', '1020304', 5, 'D', 0.00, 0.00),
	('102030402', '1230402', 'Maintenance Peralatan', '1020304', 5, 'D', 0.00, 0.00),
	('102030403', '1230403', 'Maintenance Kendaraan', '1020304', 5, 'D', 0.00, 0.00),
	('102030404', '1230499', 'Maintenance Lainnya', '1020304', 5, 'D', 0.00, 0.00),
	('1020305', '12305', 'Pengeluaran Utilities', '10203', 4, 'G', 0.00, 0.00),
	('102030501', '1230501', 'Listrik', '1020305', 5, 'D', 0.00, 0.00),
	('102030502', '1230502', 'Telephone', '1020305', 5, 'D', 0.00, 0.00),
	('102030503', '1230503', 'Air PAM', '1020305', 5, 'D', 0.00, 0.00),
	('102030504', '1230504', 'Internet', '1020305', 5, 'D', 0.00, 0.00),
	('102030505', '1230505', 'Gas', '1020305', 5, 'D', 0.00, 0.00),
	('102030506', '1230506', 'Other (Solar / TV Cable)', '1020305', 5, 'D', 0.00, 0.00),
	('1020306', '12306', 'Perlengkapan', '10203', 4, 'D', 0.00, 0.00),
	('1020307', '12307', 'Perjalanan Dinas', '10203', 4, 'D', 0.00, 0.00),
	('1020308', '12308', 'Transportasi', '10203', 4, 'D', 0.00, 0.00),
	('1020309', '12309', 'Perijinan Operasional', '10203', 4, 'D', 0.00, 0.00),
	('1020310', '12310', 'Asuransi', '10203', 4, 'G', 0.00, 0.00),
	('102031001', '1231001', 'Asuransi Gedung', '1020310', 5, 'D', 0.00, 0.00),
	('102031002', '1231002', 'Asuransi Kendaraan Bermotor', '1020310', 5, 'D', 0.00, 0.00),
	('102031003', '1231003', 'Asuransi Peralatan', '1020310', 5, 'D', 0.00, 0.00),
	('102031004', '1231004', 'Asuransi Lainnya', '1020310', 5, 'D', 0.00, 0.00),
	('1020311', '12311', 'Keamanan & Kebersihan', '10203', 4, 'G', 0.00, 0.00),
	('102031101', '1231101', 'Keamanan', '1020311', 5, 'D', 0.00, 0.00),
	('102031102', '1231102', 'Kebersihan', '1020311', 5, 'D', 0.00, 0.00),
	('1020312', '12312', 'Percetakan & Photocopy', '10203', 4, 'D', 0.00, 0.00),
	('1020313', '12313', 'ATK', '10203', 4, 'D', 0.00, 0.00),
	('1020314', '12314', 'Pengiriman Dokumen', '10203', 4, 'D', 0.00, 0.00),
	('1020315', '12315', 'Kebutuhan Rumah Tangga', '10203', 4, 'D', 0.00, 0.00),
	('1020316', '12316', 'Retribusi & Iuran', '10203', 4, 'D', 0.00, 0.00),
	('1020317', '12317', 'Pengeluaran Pajak', '10203', 4, 'G', 0.00, 0.00),
	('102031701', '1231701', 'PPh Pasal 21', '1020317', 5, 'D', 0.00, 0.00),
	('102031702', '1231702', 'PPh Pasal 23', '1020317', 5, 'D', 0.00, 0.00),
	('102031703', '1231703', 'PPh Pasal 25', '1020317', 5, 'D', 0.00, 0.00),
	('102031704', '1231704', 'PPh Pasal 26', '1020317', 5, 'D', 0.00, 0.00),
	('102031705', '1231705', 'PPh Pasal 4 ayat 2 (Pajak Final Vendor)', '1020317', 5, 'D', 0.00, 0.00),
	('102031706', '1231706', 'PPh Pasal 29 (PPh Badan)', '1020317', 5, 'D', 0.00, 0.00),
	('102031707', '1231707', 'PPh Pasal 4 ayat 2 (Pajak Final Sewa)', '1020317', 5, 'D', 0.00, 0.00),
	('102031708', '1231708', 'PPh Pasal 4 ayat 2 (Pajak Final Penjualan Developer - 5%)', '1020317', 5, 'D', 0.00, 0.00),
	('102031709', '1231709', 'PPN Masukan', '1020317', 5, 'D', 0.00, 0.00),
	('102031710', '1231710', 'PPN Kurang Bayar', '1020317', 5, 'D', 0.00, 0.00),
	('102031711', '1231711', 'PBB', '1020317', 5, 'D', 0.00, 0.00),
	('102031712', '1231799', 'Pajak Lainnya', '1020317', 5, 'D', 0.00, 0.00),
	('1020318', '12318', 'Pengeluaran Lain-lain', '10203', 4, 'G', 0.00, 0.00),
	('102031801', '1231801', 'Sumbangan', '1020318', 5, 'D', 0.00, 0.00),
	('102031802', '1231802', 'Biaya Administrasi Bank', '1020318', 5, 'D', 0.00, 0.00),
	('102031803', '1231803', 'Biaya Umum & Adm Lainnya', '1020318', 5, 'D', 0.00, 0.00),
	('10204', '124', 'Hadiah', '102', 3, 'D', 0.00, 0.00),
	('10205', '125', 'Pengeluaran Ditanggung Konsumen', '102', 3, 'G', 0.00, 0.00),
	('1020501', '12501', 'Biaya Pecah Sertifikat', '10205', 4, 'D', 0.00, 0.00),
	('1020502', '12502', 'Biaya AJB', '10205', 4, 'D', 0.00, 0.00),
	('2', '2', 'KEGIATAN INVESTASI', '0', 1, 'G', 0.00, 0.00),
	('201', '21', 'ARUS KAS MASUK DARI INVESTASI', '2', 2, 'G', 0.00, 0.00),
	('20101', '211', 'Penerimaan Bagi Hasil', '201', 3, 'D', 0.00, 0.00),
	('20102', '212', 'Penerimaan Dividen', '201', 3, 'D', 0.00, 0.00),
	('20103', '213', 'Penerimaan Penjualan Aset Tetap', '201', 3, 'D', 0.00, 0.00),
	('20104', '219', 'Penerimaan Hasil Investasi Lainnya', '201', 3, 'D', 0.00, 0.00),
	('202', '22', 'ARUS KAS KELUAR UNTUK INVESTASI', '2', 2, 'G', 0.00, 0.00),
	('20201', '221', 'Pengeluaran Bagi Hasil', '202', 3, 'D', 0.00, 0.00),
	('20202', '222', 'Pengeluaran CAPEX', '202', 3, 'D', 0.00, 0.00),
	('20203', '2299', 'Pengeluaran Investasi Lainnya', '202', 3, 'D', 0.00, 0.00),
	('3', '3', 'KEGIATAN PENDANAAN', '0', 1, 'G', 0.00, 0.00),
	('301', '31', 'ARUS KAS MASUK DARI PENDANAAN', '3', 2, 'G', 0.00, 0.00),
	('30101', '311', 'Penerimaan Setoran Investasi', '301', 3, 'G', 0.00, 0.00),
	('3010101', '31101', 'Investasi BSK', '30101', 4, 'D', 0.00, 0.00),
	('3010102', '31102', 'Investasi RK', '30101', 4, 'D', 0.00, 0.00),
	('3010103', '31103', 'Investasi SR', '30101', 4, 'D', 0.00, 0.00),
	('30102', '312', 'Pinjaman dana dari Teratai', '301', 3, 'D', 0.00, 0.00),
	('30103', '313', 'Pinjaman dana dari PT. TTMS', '301', 3, 'D', 0.00, 0.00),
	('30104', '314', 'Pinjaman dana dari PT. PSI', '301', 3, 'D', 0.00, 0.00),
	('30105', '315', 'Penerimaan Pinjaman Bank', '301', 3, 'G', 0.00, 0.00),
	('3010501', '31501', 'Pinjaman Bank BTN 1', '30105', 4, 'D', 0.00, 0.00),
	('3010502', '31502', 'Pinjaman Bank BTN 2', '30105', 4, 'D', 0.00, 0.00),
	('30106', '316', 'Penerimaan Internal Financing', '301', 3, 'D', 0.00, 0.00),
	('30107', '317', 'Pengembalian Pinjaman dari Perusahaan Afiliasi', '301', 3, 'D', 0.00, 0.00),
	('30108', '318', 'Penerimaan Bunga Pinjaman dari Perusahaan Afiliasi', '301', 3, 'D', 0.00, 0.00),
	('30109', '3199', 'Penerimaan Pendanaan Lainnya', '301', 3, 'D', 0.00, 0.00),
	('302', '32', 'ARUS KAS KELUAR UNTUK PENDANAAN', '3', 2, 'G', 0.00, 0.00),
	('30201', '321', 'Pembayaran Dividen', '302', 3, 'D', 0.00, 0.00),
	('30202', '322', 'Pembayaran Pokok Pinjaman Owner', '302', 3, 'D', 0.00, 0.00),
	('30203', '323', 'Pengembalian Pokok Pinjaman Bank:', '302', 3, 'G', 0.00, 0.00),
	('3020301', '32301', 'Pokok Pinjaman Bank BTN 1', '30203', 4, 'D', 0.00, 0.00),
	('3020302', '32302', 'Pokok Pinjaman Bank BTN 2 & 3', '30203', 4, 'D', 0.00, 0.00),
	('30204', '324', 'Pembayaran Bunga Pinjaman & Biaya Pinjaman Bank', '302', 3, 'G', 0.00, 0.00),
	('3020401', '32401', 'Bunga Pinjaman & Biaya Pinjaman Bank BTN1', '30204', 4, 'G', 0.00, 0.00),
	('302040101', '3240101', 'Bunga Pinjaman Bank BTN 1', '3020401', 5, 'D', 0.00, 0.00),
	('302040102', '3240102', 'Biaya Pinjaman Bank BTN 1', '3020401', 5, 'D', 0.00, 0.00),
	('3020402', '32402', 'Bunga Pinjaman & Biaya Pinjaman Bank BTN 2 & 3', '30204', 4, 'G', 0.00, 0.00),
	('302040201', '3240201', 'Bunga Pinjaman Bank BTN 2 & 3', '3020402', 5, 'D', 0.00, 0.00),
	('302040202', '3240202', 'Biaya Pinjaman Bank BTN 2 & 3', '3020402', 5, 'D', 0.00, 0.00),
	('30205', '325', 'Pengembalian dana pinjaman Teratai', '302', 3, 'D', 0.00, 0.00),
	('30206', '326', 'Pengembaliann dana pinjaman PT. TTMS', '302', 3, 'D', 0.00, 0.00),
	('30207', '327', 'Pengembalian dana pinjaman PT. PSI', '302', 3, 'D', 0.00, 0.00),
	('30208', '328', 'Pengembalian dana pinjaman Internal Financing', '302', 3, 'D', 0.00, 0.00),
	('30209', '329', 'Pemberian Pinjaman ke Perusahaan Afiliasi', '302', 3, 'D', 0.00, 0.00),
	('30210', '3299', 'Pengeluaran Pendanaan Lainnya', '302', 3, 'D', 0.00, 0.00);
/*!40000 ALTER TABLE `master_cashflow` ENABLE KEYS */;


-- Dumping structure for table tatamasa_live.master_cashflow_copy
CREATE TABLE IF NOT EXISTS `master_cashflow_copy` (
  `kode_cflow` char(20) NOT NULL default '',
  `kode_alt` char(20) default NULL,
  `nama_cflow` char(50) default NULL,
  `kode_induk` char(20) NOT NULL default '',
  `level` tinyint(2) unsigned NOT NULL default '0',
  `type` char(1) NOT NULL default '',
  `saldo_awal` decimal(17,2) NOT NULL default '0.00',
  `saldo_akhir` decimal(17,2) NOT NULL default '0.00',
  PRIMARY KEY  (`kode_cflow`)
) ENGINE=MyISAM DEFAULT CHARSET=latin1 ROW_FORMAT=FIXED;

-- Dumping data for table tatamasa_live.master_cashflow_copy: 122 rows
/*!40000 ALTER TABLE `master_cashflow_copy` DISABLE KEYS */;
REPLACE INTO `master_cashflow_copy` (`kode_cflow`, `kode_alt`, `nama_cflow`, `kode_induk`, `level`, `type`, `saldo_awal`, `saldo_akhir`) VALUES
	('1', '1', 'KAS MASUK', '', 1, 'G', 0.00, 0.00),
	('101', '100', 'Owner', '', 2, 'G', 0.00, 0.00),
	('10101', '1001', 'Investasi BSK', '', 3, 'D', 0.00, 0.00),
	('10102', '1002', 'Investasi RK', '', 3, 'D', 0.00, 0.00),
	('10103', '1003', 'Investasi SR', '', 3, 'D', 0.00, 0.00),
	('102', '101', 'Pinjaman dana dr Teratai', '', 2, 'D', 0.00, 0.00),
	('103', '102', 'Pinjaman dana dr TTMS', '', 2, 'D', 0.00, 0.00),
	('104', '103', 'Pinjaman dana dr PSI', '', 2, 'D', 0.00, 0.00),
	('105', '104', 'Pinjaman Bank', '', 2, 'D', 0.00, 0.00),
	('106', '105', '"Lainnya (Jasa Giro,Bunga Deposito)"', '', 2, 'D', 0.00, 0.00),
	('107', '106', 'Penjualan Unit', '', 2, 'G', 0.00, 0.00),
	('10701', '10601', 'Booking Fee', '', 3, 'D', 0.00, 0.00),
	('10702', '10602', 'Down Payment (DP)', '', 3, 'D', 0.00, 0.00),
	('10703', '10603', 'Pelunasan / Pencairan KPR / Cash Keras', '', 3, 'D', 0.00, 0.00),
	('108', '107', 'Kelebihan tanah', '', 2, 'D', 0.00, 0.00),
	('2', '2', 'KAS KELUAR', '', 1, 'G', 0.00, 0.00),
	('201', '200', 'Pembayaran Tanah', '', 2, 'D', 0.00, 0.00),
	('202', '201', 'Biaya Bangunan', '', 2, 'G', 0.00, 0.00),
	('20201', '20101', 'Type Unit Rumah', '', 3, 'G', 0.00, 0.00),
	('2020101', '2010101', 'Type A (Type 55/96)', '', 4, 'D', 0.00, 0.00),
	('2020102', '2010102', 'Type B (Type 43/72)', '', 4, 'D', 0.00, 0.00),
	('2020103', '2010103', 'Type C (Type 48/90)', '', 4, 'D', 0.00, 0.00),
	('2020104', '2010104', 'Type D ( Type 50/84)', '', 4, 'D', 0.00, 0.00),
	('20202', '20102', 'Biaya Penyambungan Listrik', '', 3, 'D', 0.00, 0.00),
	('20203', '20103', 'Biaya Sumur Pantek + Perlengkapan per Rumah', '', 3, 'D', 0.00, 0.00),
	('203', '203', 'Biaya Perijinan', '', 2, 'D', 0.00, 0.00),
	('204', '204', 'Biaya Sarana dan Prasarana', '', 2, 'G', 0.00, 0.00),
	('20401', '20401', '"Kantor, Gerbang & Pagar Lingkungan"', '', 3, 'D', 0.00, 0.00),
	('20402', '20402', 'Pematangan Lahan', '', 3, 'D', 0.00, 0.00),
	('20403', '20403', 'Jalan', '', 3, 'D', 0.00, 0.00),
	('20404', '20404', 'Saluran', '', 3, 'D', 0.00, 0.00),
	('20405', '20405', 'Taman', '', 3, 'D', 0.00, 0.00),
	('20406', '20406', 'Fasum & Fasos', '', 3, 'D', 0.00, 0.00),
	('20407', '20407', 'Pagar Lingkungan', '', 3, 'D', 0.00, 0.00),
	('20408', '20408', 'Turap Kali', '', 3, 'D', 0.00, 0.00),
	('205', '205', 'Fee Marketing & Promosi', '', 2, 'G', 0.00, 0.00),
	('20501', '20501', 'Promosi', '', 3, 'G', 0.00, 0.00),
	('2050101', '2050101', 'Marketing Kit', '', 4, 'D', 0.00, 0.00),
	('2050102', '2050102', '"Advertising, Promotion & Exhibition"', '', 4, 'D', 0.00, 0.00),
	('2050103', '2050103', 'Advertising Designer', '', 4, 'D', 0.00, 0.00),
	('20502', '20502', 'Fee Marketing', '', 3, 'G', 0.00, 0.00),
	('2050201', '2050201', 'Marketing Fee', '', 4, 'D', 0.00, 0.00),
	('2050202', '2050202', 'Marketing Agent', '', 4, 'D', 0.00, 0.00),
	('2050203', '2050203', 'Brokerage Fee', '', 4, 'D', 0.00, 0.00),
	('20503', '20503', 'Entertainment', '', 3, 'D', 0.00, 0.00),
	('206', '206', 'Biaya Overhead (O/H)', '', 2, 'G', 0.00, 0.00),
	('20601', '20601', 'Biaya Karyawan', '', 3, 'G', 0.00, 0.00),
	('2060101', '2060101', '"Gaji, THR dan Bonus"', '', 4, 'D', 0.00, 0.00),
	('2060102', '2060102', 'BPJS Ketenagakerjaan', '', 4, 'D', 0.00, 0.00),
	('2060103', '2060103', 'BPJS Kesehatan / Asuransi Kesehatan (Inpatient & O', '', 4, 'D', 0.00, 0.00),
	('2060104', '2060104', 'Handphone (HP)', '', 4, 'D', 0.00, 0.00),
	('2060105', '2060105', 'Recruitment', '', 4, 'D', 0.00, 0.00),
	('2060106', '2060106', 'Training dan Seminar', '', 4, 'D', 0.00, 0.00),
	('20602', '20602', 'Perlengkapan Kantor Pemasaran', '', 3, 'D', 0.00, 0.00),
	('20603', '20603', 'Utilities', '', 3, 'G', 0.00, 0.00),
	('2060301', '206031', 'Listrik', '', 4, 'D', 0.00, 0.00),
	('2060302', '206032', 'Telepon & Fax', '', 4, 'D', 0.00, 0.00),
	('2060303', '206033', 'Internet', '', 4, 'D', 0.00, 0.00),
	('2060304', '206034', 'PAM', '', 4, 'D', 0.00, 0.00),
	('2060305', '206035', '"Other (solar, dll)"', '', 4, 'D', 0.00, 0.00),
	('20604', '20604', 'Keamanan & Kebersihan', '', 3, 'G', 0.00, 0.00),
	('2060401', '206041', 'Keamanan', '', 4, 'D', 0.00, 0.00),
	('2060402', '206042', 'Kebersihan', '', 4, 'D', 0.00, 0.00),
	('20605', '20605', 'Biaya Konsultan', '', 3, 'G', 0.00, 0.00),
	('2060501', '2060501', 'Auditor', '', 4, 'D', 0.00, 0.00),
	('2060502', '2060502', 'Tax', '', 4, 'D', 0.00, 0.00),
	('2060503', '2060503', 'Notaris', '', 4, 'D', 0.00, 0.00),
	('2060504', '2060504', 'Law Firm', '', 4, 'D', 0.00, 0.00),
	('2060505', '2060505', 'System', '', 4, 'D', 0.00, 0.00),
	('2060506', '2060506', 'Other', '', 4, 'D', 0.00, 0.00),
	('20606', '20606', 'Biaya Sewa', '', 3, 'G', 0.00, 0.00),
	('2060601', '2060601', 'Sewa Peralatan', '', 4, 'D', 0.00, 0.00),
	('2060602', '2060602', 'Sewa Gedung', '', 4, 'D', 0.00, 0.00),
	('2060603', '2060603', 'Sewa Kendaraan', '', 4, 'D', 0.00, 0.00),
	('2060604', '2060604', 'Sewa Other', '', 4, 'D', 0.00, 0.00),
	('20607', '20607', 'Biaya Maintenance', '', 3, 'G', 0.00, 0.00),
	('2060701', '2060701', 'Maintenance Gedung', '', 4, 'D', 0.00, 0.00),
	('2060702', '2060702', 'Maintenance Peralatan', '', 4, 'D', 0.00, 0.00),
	('2060703', '2060703', 'Maintenance Kendaraan Bermotor', '', 4, 'D', 0.00, 0.00),
	('2060704', '2060704', 'Maintenance Other', '', 4, 'D', 0.00, 0.00),
	('20608', '20608', 'Transportasi', '', 3, 'D', 0.00, 0.00),
	('20609', '20609', 'Biaya Perijinan', '', 3, 'G', 0.00, 0.00),
	('2060901', '2060901', 'Pendirian Perusahaan & Perijinan', '', 4, 'D', 0.00, 0.00),
	('2060902', '2060902', 'Perijinan Operasional', '', 4, 'D', 0.00, 0.00),
	('2060903', '2060903', 'Perijinan Other', '', 4, 'D', 0.00, 0.00),
	('20610', '20610', 'Biaya Asuransi', '', 3, 'G', 0.00, 0.00),
	('2061001', '2061001', 'Asuransi Gedung', '', 4, 'D', 0.00, 0.00),
	('2061002', '2061002', 'Asuransi Kendaraan', '', 4, 'D', 0.00, 0.00),
	('2061003', '2061003', 'Asuransi Others', '', 4, 'D', 0.00, 0.00),
	('20611', '20611', 'Biaya Pengiriman Dokumen', '', 3, 'D', 0.00, 0.00),
	('20612', '20612', 'Percetakan & Fotocopi', '', 3, 'D', 0.00, 0.00),
	('20613', '20613', 'ATK', '', 3, 'D', 0.00, 0.00),
	('20614', '20614', 'Kebutuhan Rumah Tangga', '', 3, 'D', 0.00, 0.00),
	('20615', '20615', 'Iuran & Retribusi', '', 3, 'D', 0.00, 0.00),
	('20616', '20616', 'Sumbangan', '', 3, 'D', 0.00, 0.00),
	('20617', '20617', 'Biaya Administrasi Bank', '', 3, 'D', 0.00, 0.00),
	('20618', '20699', 'Biaya Overhead Lainnya', '', 3, 'D', 0.00, 0.00),
	('207', '207', 'Pelunasan Pokok', '', 2, 'G', 0.00, 0.00),
	('20701', '20701', 'Pribadi Owner', '', 3, 'D', 0.00, 0.00),
	('20702', '20702', 'Bank', '', 3, 'D', 0.00, 0.00),
	('20703', '20703', 'Pengembalian pinjaman ke PT TTMS', '', 3, 'D', 0.00, 0.00),
	('20704', '20704', 'Pengembalian pinjaman ke PT PSI', '', 3, 'D', 0.00, 0.00),
	('208', '208', 'Angsuran Bunga Pinjaman & Biaya Pinjaman Bank', '', 2, 'G', 0.00, 0.00),
	('20801', '2081', 'Angsuran Bunga Pinjaman', '', 3, 'G', 0.00, 0.00),
	('2080101', '208101', 'Bunga Pinjaman Bank', '', 4, 'D', 0.00, 0.00),
	('2080102', '208102', 'Bunga Pinjaman Owner', '', 4, 'D', 0.00, 0.00),
	('20802', '2082', 'Biaya Pinjaman Bank', '', 3, 'D', 0.00, 0.00),
	('209', '209', 'Pembayaran Pajak - Pajak', '', 2, 'G', 0.00, 0.00),
	('20901', '20901', 'Pajak PPh Psl 21', '', 3, 'D', 0.00, 0.00),
	('20902', '20902', 'Pajak PPh Psl 23', '', 3, 'D', 0.00, 0.00),
	('20903', '20903', 'Pajak PPh Psl 4(2) Final Developer', '', 3, 'D', 0.00, 0.00),
	('20904', '20904', 'Pajak PPN', '', 3, 'D', 0.00, 0.00),
	('20905', '20905', 'Pajak PBB', '', 3, 'D', 0.00, 0.00),
	('210', '210', 'Pengeluaran Lainnya (Ditanggung Konsumen)', '', 2, 'G', 0.00, 0.00),
	('21001', '21001', 'Biaya Pecah Sertifikat', '', 3, 'D', 0.00, 0.00),
	('21002', '21002', 'Biaya AJB', '', 3, 'D', 0.00, 0.00),
	('211', '211', 'Hadiah', '', 2, 'D', 0.00, 0.00),
	('212', '212', 'Bagi Hasil', '', 2, 'G', 0.00, 0.00),
	('21201', '2121', 'Bagi Hasil BSK', '', 3, 'D', 0.00, 0.00),
	('21202', '2122', 'Bagi Hasil RK', '', 3, 'D', 0.00, 0.00),
	('21203', '2123', 'Bagi Hasil SR', '', 3, 'D', 0.00, 0.00),
	('21204', '2124', 'Bagi Hasil PT. TTMS', '', 3, 'D', 0.00, 0.00);
/*!40000 ALTER TABLE `master_cashflow_copy` ENABLE KEYS */;


-- Dumping structure for table tatamasa_live.master_customer
CREATE TABLE IF NOT EXISTS `master_customer` (
  `id_cust` char(10) NOT NULL,
  `no_id` char(20) NOT NULL default '',
  `nama_cust` char(70) NOT NULL default '',
  `alamat` char(200) NOT NULL default '',
  `email` char(50) NOT NULL default '',
  `no_hp` char(20) NOT NULL default '',
  `no_telp` char(20) NOT NULL default '',
  `no_npwp` char(20) NOT NULL default '',
  `nama_npwp` char(70) NOT NULL default '',
  `alamat_npwp` char(200) NOT NULL default '',
  `kode_perk` char(20) NOT NULL default '',
  `no_akun_bank` char(25) NOT NULL default '',
  `bank_akun_bank` char(50) NOT NULL default '',
  `no_va` char(50) NOT NULL default '',
  `nama_va` char(50) NOT NULL default '',
  `bank_va` char(50) NOT NULL default '',
  PRIMARY KEY  (`id_cust`)
) ENGINE=InnoDB DEFAULT CHARSET=latin1;

-- Dumping data for table tatamasa_live.master_customer: ~3 rows (approximately)
/*!40000 ALTER TABLE `master_customer` DISABLE KEYS */;
REPLACE INTO `master_customer` (`id_cust`, `no_id`, `nama_cust`, `alamat`, `email`, `no_hp`, `no_telp`, `no_npwp`, `nama_npwp`, `alamat_npwp`, `kode_perk`, `no_akun_bank`, `bank_akun_bank`, `no_va`, `nama_va`, `bank_va`) VALUES
	('0000001', '347155688857', 'Dessi M', 'Bekasi', 'anggasap68@gmail.com', '08118608889', '021889819365', '757575757', 'Dessi M', 'tttt', '101030204', 'rrr', 'rrr', 'rrr', 'rrr', 'rr'),
	('0000002', '7488484648336', 'Arya Utama', 'Bekasi Timur', 'aut@pnm.co.id', '0811264464746', '02188987647', '737363733637', 'Arya Utama', 'Bekasi Timur', '101030204', '3796475877', 'Bank Mandiri', '47447484888888', 'Arya Utama', 'Bank Mandiri'),
	('0000003', '37373737373737', 'Bagus Tri W', 'Depok', 'btw@pnm.co.id', '03738383838', '0217347477', '78484847478', 'Bagus Tri W', 'Depok', '101030204', '57585858587', 'BNI', '84949494949', 'Bagus Tri W', 'BNI');
/*!40000 ALTER TABLE `master_customer` ENABLE KEYS */;


-- Dumping structure for table tatamasa_live.master_dept
CREATE TABLE IF NOT EXISTS `master_dept` (
  `id_dept` char(6) NOT NULL,
  `nama_dept` char(50) default NULL,
  PRIMARY KEY  (`id_dept`)
) ENGINE=InnoDB DEFAULT CHARSET=latin1;

-- Dumping data for table tatamasa_live.master_dept: ~8 rows (approximately)
/*!40000 ALTER TABLE `master_dept` DISABLE KEYS */;
REPLACE INTO `master_dept` (`id_dept`, `nama_dept`) VALUES
	('000001', 'NON DEPARTEMENT'),
	('000002', 'KOMISARIS & DIREKSI'),
	('000003', 'FINANCE dan ACCOUNTING'),
	('000004', 'LEGAL'),
	('000005', 'HRD'),
	('000006', 'GA'),
	('000007', 'MARKETING'),
	('000008', 'OPERATION PROPERTY');
/*!40000 ALTER TABLE `master_dept` ENABLE KEYS */;


-- Dumping structure for table tatamasa_live.master_jual
CREATE TABLE IF NOT EXISTS `master_jual` (
  `master_id` char(15) NOT NULL,
  `id_rumah` char(7) NOT NULL default '',
  `id_cust` char(7) NOT NULL default '',
  `tgl_trans` date NOT NULL default '0000-00-00',
  `tipe_bayar` tinyint(1) NOT NULL default '0' COMMENT '0 default, 1 cash keras, 2 cash tempo, 3 dp',
  `dp` decimal(15,2) NOT NULL default '0.00',
  `harga` decimal(15,2) NOT NULL default '0.00',
  `booking` decimal(15,2) NOT NULL default '0.00',
  `sisa_dp` decimal(15,2) NOT NULL default '0.00',
  `status_jual` tinyint(1) NOT NULL default '0' COMMENT '0 no aktif/default, 1 booking, 2 aktif, 3 lunas, 4 batal',
  `keterangan` char(200) NOT NULL default '',
  PRIMARY KEY  (`master_id`)
) ENGINE=InnoDB DEFAULT CHARSET=latin1 ROW_FORMAT=COMPACT;

-- Dumping data for table tatamasa_live.master_jual: ~3 rows (approximately)
/*!40000 ALTER TABLE `master_jual` DISABLE KEYS */;
REPLACE INTO `master_jual` (`master_id`, `id_rumah`, `id_cust`, `tgl_trans`, `tipe_bayar`, `dp`, `harga`, `booking`, `sisa_dp`, `status_jual`, `keterangan`) VALUES
	('BG-0000001-0116', '001-001', '0000001', '2016-01-16', 2, 0.00, 395000000.00, 5000000.00, 0.00, 2, ''),
	('BG-0000001-0216', '003-002', '0000003', '2016-02-02', 0, 0.00, 697000000.00, 3000000.00, 0.00, 1, ''),
	('BG-0000002-0116', '001-002', '0000002', '2016-01-17', 3, 60.00, 290000000.00, 10000000.00, 200000000.00, 2, ''),
	('BG-0000003-0116', '001-003', '0000003', '2016-01-17', 3, 30.00, 170000000.00, 10000000.00, 420000000.00, 2, '');
/*!40000 ALTER TABLE `master_jual` ENABLE KEYS */;


-- Dumping structure for table tatamasa_live.master_karyawan
CREATE TABLE IF NOT EXISTS `master_karyawan` (
  `id_kyw` char(6) NOT NULL,
  `nama_kyw` char(50) default '0',
  `dept_kyw` char(50) default '0',
  `nama_akun_bank` char(50) default '',
  `no_akun_bank` char(50) default '',
  `nama_bank` char(50) default '',
  `kode_perk` char(50) default '',
  PRIMARY KEY  (`id_kyw`)
) ENGINE=InnoDB DEFAULT CHARSET=latin1;

-- Dumping data for table tatamasa_live.master_karyawan: ~23 rows (approximately)
/*!40000 ALTER TABLE `master_karyawan` DISABLE KEYS */;
REPLACE INTO `master_karyawan` (`id_kyw`, `nama_kyw`, `dept_kyw`, `nama_akun_bank`, `no_akun_bank`, `nama_bank`, `kode_perk`) VALUES
	('000001', 'Shahla Rahardjo', '000002', 'Shahla Rahardjo', '-', '-', '20103020302'),
	('000002', 'Rudi Hendramawan', '000003', 'Rudi Hendramawan', '-', '-', '20103020302'),
	('000004', 'Margini Maktub', '000003', 'Margini Maktub', '-', '-', '20103020302'),
	('000005', 'Dessi Megasari', '000003', 'Dessi Megasari', '-', '-', '20103020302'),
	('000006', 'Ficry Normansyah', '000003', 'Ficry Normansyah', '-', '-', '20103020302'),
	('000007', 'Yulianti', '000003', 'Yulianti', '-', '-', '20103020302'),
	('000008', 'Novilya Roza', '000005', 'Novilya Roza', '-', '-', '20103020302'),
	('000009', 'Ayu Hargiati Lestari', '000006', 'Ayu Hargiati Lestari', '-', '-', '20103020302'),
	('000010', 'Tri Budi Astuti', '000006', 'Tri Budi Astuti', '-', '-', '20103020302'),
	('000011', 'Saiful', '000006', 'Saiful', '-', '-', '20103020302'),
	('000012', 'Dodied', '000006', '-', '-', '-', '20103020302'),
	('000013', 'Singgih Prawoto', '000007', '-', '-', '-', '20103020302'),
	('000014', 'Shinta', '000007', '-', '-', '-', '20103020302'),
	('000015', 'Kadex', '000007', '-', '-', '-', '20103020302'),
	('000016', 'Rahma', '000007', '-', '-', '-', '20103020302'),
	('000017', 'Novarica', '000008', '-', '-', '-', '20103020302'),
	('000018', 'Andi Satriawan', '000008', '-', '-', '-', '20103020302'),
	('000019', 'Dessy Susanti', '000008', '-', '-', '-', '20103020302'),
	('000020', 'Komala Hapsari', '000008', '-', '-', '-', '20103020302'),
	('000021', 'Riyandi', '000008', '-', '-', '-', '20103020302'),
	('000022', 'Andi Utama', '000008', '-', '-', '-', '20103020302'),
	('000023', 'Fenni Novia Riyanti', '000003', '-', '-', '-', '20103020302'),
	('000024', 'PT Berkah Graha Mandiri', '000001', 'PT Berkah Graha Mandiri', '126.000.66.77.438', 'Bank Mandiri', '20103020302');
/*!40000 ALTER TABLE `master_karyawan` ENABLE KEYS */;


-- Dumping structure for table tatamasa_live.master_kontrak
CREATE TABLE IF NOT EXISTS `master_kontrak` (
  `no_kontrak` char(15) NOT NULL default '',
  `tgl_kontrak` date default '0000-00-00',
  `tgl_awal` date default '0000-00-00',
  `tgl_selesai` date NOT NULL default '0000-00-00',
  `pasal` char(5) default '0',
  `nilai` double(15,2) default '0.00',
  `pekerjaan` varchar(50) default NULL,
  `nama1` varchar(100) default NULL,
  `jabatan1` varchar(100) default NULL,
  `perusahaan` varchar(100) default NULL,
  `alamat` varchar(150) default NULL,
  `kota` varchar(50) default NULL,
  `kodepos` varchar(10) default NULL,
  `nama2` varchar(100) default NULL,
  `jabatan2` varchar(100) default NULL,
  PRIMARY KEY  (`no_kontrak`)
) ENGINE=InnoDB DEFAULT CHARSET=latin1 ROW_FORMAT=COMPACT;

-- Dumping data for table tatamasa_live.master_kontrak: ~1 rows (approximately)
/*!40000 ALTER TABLE `master_kontrak` DISABLE KEYS */;
REPLACE INTO `master_kontrak` (`no_kontrak`, `tgl_kontrak`, `tgl_awal`, `tgl_selesai`, `pasal`, `nilai`, `pekerjaan`, `nama1`, `jabatan1`, `perusahaan`, `alamat`, `kota`, `kodepos`, `nama2`, `jabatan2`) VALUES
	('PO-0000001-0116', '2016-01-01', '1970-01-01', '2016-01-12', '1', 500000000.00, 'Pasang eternit', 'Rudi', 'Direktur', '-', '-', '-', '-', '-', '-');
/*!40000 ALTER TABLE `master_kontrak` ENABLE KEYS */;


-- Dumping structure for table tatamasa_live.master_kurs
CREATE TABLE IF NOT EXISTS `master_kurs` (
  `id_kurs` char(3) NOT NULL,
  `matauang` char(15) NOT NULL,
  `nilai_kurs` decimal(15,2) NOT NULL,
  PRIMARY KEY  (`id_kurs`)
) ENGINE=InnoDB DEFAULT CHARSET=latin1;

-- Dumping data for table tatamasa_live.master_kurs: ~2 rows (approximately)
/*!40000 ALTER TABLE `master_kurs` DISABLE KEYS */;
REPLACE INTO `master_kurs` (`id_kurs`, `matauang`, `nilai_kurs`) VALUES
	('IDR', 'Rupiah', 1.00),
	('USD', 'Dollar', 13950.00);
/*!40000 ALTER TABLE `master_kurs` ENABLE KEYS */;


-- Dumping structure for table tatamasa_live.master_proyek
CREATE TABLE IF NOT EXISTS `master_proyek` (
  `id_proyek` char(3) NOT NULL,
  `nama_proyek` char(50) default NULL,
  `qty_rumah` int(4) default '0',
  `approval` tinyint(1) default '0',
  `approval_ket` char(200) default '',
  PRIMARY KEY  (`id_proyek`)
) ENGINE=InnoDB DEFAULT CHARSET=latin1;

-- Dumping data for table tatamasa_live.master_proyek: ~3 rows (approximately)
/*!40000 ALTER TABLE `master_proyek` DISABLE KEYS */;
REPLACE INTO `master_proyek` (`id_proyek`, `nama_proyek`, `qty_rumah`, `approval`, `approval_ket`) VALUES
	('001', 'Head Office', 0, 0, ''),
	('002', 'PROYEK DEVELOPER', 0, 0, ''),
	('003', 'CEMPAKA RESIDENCE', 118, 1, '');
/*!40000 ALTER TABLE `master_proyek` ENABLE KEYS */;


-- Dumping structure for table tatamasa_live.master_reimpay
CREATE TABLE IF NOT EXISTS `master_reimpay` (
  `id_reimpay` char(15) NOT NULL default '',
  `id_kyw` char(6) NOT NULL default '',
  `no_invoice` char(20) NOT NULL default '',
  `jml_uang` decimal(15,2) NOT NULL default '0.00',
  `id_proyek` char(3) NOT NULL default '',
  `id_kurs` char(3) NOT NULL default '0',
  `nilai_kurs` decimal(15,2) NOT NULL default '0.00',
  `tgl_trans` date NOT NULL default '0000-00-00',
  `tgl_jt` date NOT NULL default '0000-00-00',
  `pay_to` char(50) NOT NULL default '',
  `nama_akun_bank` char(50) NOT NULL default '',
  `no_akun_bank` char(25) NOT NULL default '',
  `nama_bank` char(50) NOT NULL default '',
  `keterangan` char(200) NOT NULL default '',
  `dok_fpe` tinyint(1) NOT NULL default '0' COMMENT 'flag faktur penjualan',
  `dok_kuitansi` tinyint(1) NOT NULL default '0' COMMENT 'flag kuitansi',
  `dok_fpa` tinyint(1) NOT NULL default '0' COMMENT 'flag faktur pajak',
  `dok_po` tinyint(1) NOT NULL default '0' COMMENT 'flag dokumen PO',
  `dok_suratjalan` tinyint(1) NOT NULL default '0' COMMENT 'flag surat jalan',
  `dok_lappenerimaanbrg` tinyint(1) NOT NULL default '0' COMMENT 'flag laporan permintaan barang',
  `dok_bast` tinyint(1) NOT NULL default '0' COMMENT 'flag berita acara serah terima',
  `dok_pc` tinyint(1) NOT NULL default '0' COMMENT 'flag berita acara pemeriksaan',
  `dok_lpkk` tinyint(1) NOT NULL default '0' COMMENT 'flag certificate of payment',
  `app_keuangan_id` int(6) NOT NULL default '0' COMMENT 'simpan idUser sistem',
  `app_hd_id` int(6) NOT NULL default '0',
  `app_gm_id` int(6) NOT NULL default '0',
  `app_keuangan_status` tinyint(1) NOT NULL default '0' COMMENT 'paid, approve, reject',
  `app_hd_status` tinyint(1) NOT NULL default '0',
  `app_gm_status` tinyint(1) NOT NULL default '0',
  `app_keuangan_tgl` date NOT NULL default '0000-00-00' COMMENT 'tgl approval',
  `app_hd_tgl` date NOT NULL default '0000-00-00',
  `app_gm_tgl` date NOT NULL default '0000-00-00',
  `app_keuangan_ket` char(200) NOT NULL default '' COMMENT 'keterangan approval',
  `app_hd_ket` char(200) NOT NULL default '',
  `app_gm_ket` char(200) NOT NULL default '',
  `app_user_id` char(6) NOT NULL default '0',
  `inout_budget` tinyint(1) NOT NULL default '0',
  `status_akuntansi` tinyint(1) NOT NULL default '0',
  `status_kasir` tinyint(1) NOT NULL default '0',
  PRIMARY KEY  (`id_reimpay`)
) ENGINE=InnoDB DEFAULT CHARSET=latin1 ROW_FORMAT=COMPACT;

-- Dumping data for table tatamasa_live.master_reimpay: ~0 rows (approximately)
/*!40000 ALTER TABLE `master_reimpay` DISABLE KEYS */;
/*!40000 ALTER TABLE `master_reimpay` ENABLE KEYS */;


-- Dumping structure for table tatamasa_live.master_reqpay
CREATE TABLE IF NOT EXISTS `master_reqpay` (
  `id_reqpay` char(15) NOT NULL,
  `id_kyw` char(6) NOT NULL,
  `no_invoice` char(20) NOT NULL,
  `no_po` char(20) NOT NULL,
  `jml_uang` decimal(15,2) NOT NULL default '0.00',
  `id_proyek` char(3) NOT NULL default '',
  `id_kurs` char(3) NOT NULL default '',
  `nilai_kurs` decimal(15,2) NOT NULL default '0.00',
  `tgl_trans` date NOT NULL default '0000-00-00',
  `tgl_jt` date NOT NULL default '0000-00-00',
  `pay_to` char(6) NOT NULL default '''''',
  `nama_akun_bank` char(50) NOT NULL default '''''',
  `no_akun_bank` char(25) NOT NULL default '''''',
  `nama_bank` char(50) NOT NULL default '''''',
  `keterangan` char(200) NOT NULL default '''''',
  `dok_fpe` tinyint(1) NOT NULL default '0' COMMENT 'flag faktur penjualan',
  `dok_kuitansi` tinyint(1) NOT NULL default '0' COMMENT 'flag kuitansi',
  `dok_fpa` tinyint(1) NOT NULL default '0' COMMENT 'flag faktur pajak',
  `dok_po` tinyint(1) NOT NULL default '0' COMMENT 'flag dokumen PO',
  `dok_suratjalan` tinyint(1) NOT NULL default '0' COMMENT 'flag surat jalan',
  `dok_lappenerimaanbrg` tinyint(1) NOT NULL default '0' COMMENT 'flag laporan permintaan barang',
  `dok_bast` tinyint(1) NOT NULL default '0' COMMENT 'flag berita acara serah terima',
  `dok_bap` tinyint(1) NOT NULL default '0' COMMENT 'flag berita acara pemeriksaan',
  `dok_cop` tinyint(1) NOT NULL default '0' COMMENT 'flag certificate of payment',
  `dok_ssp` tinyint(1) NOT NULL default '0' COMMENT 'flag dokumen surat perjanjian kontrak',
  `dok_sspk` tinyint(1) NOT NULL default '0' COMMENT 'flag dokumen sesuai perintah kerja',
  `dok_sbj` tinyint(1) NOT NULL default '0' COMMENT 'flag dokumen surat Jaminan',
  `app_keuangan_id` char(6) NOT NULL default '0' COMMENT 'simpan idUser sistem',
  `app_hd_id` char(6) NOT NULL default '0',
  `app_gm_id` char(6) NOT NULL default '0',
  `app_keuangan_status` tinyint(1) NOT NULL default '0' COMMENT 'paid, approve, reject',
  `app_hd_status` tinyint(1) NOT NULL default '0',
  `app_gm_status` tinyint(1) NOT NULL default '0',
  `app_keuangan_tgl` date NOT NULL default '0000-00-00' COMMENT 'tgl approval',
  `app_hd_tgl` date NOT NULL default '0000-00-00',
  `app_gm_tgl` date NOT NULL default '0000-00-00',
  `app_keuangan_ket` char(200) NOT NULL default '' COMMENT 'keterangan approval',
  `app_hd_ket` char(200) NOT NULL default '',
  `app_gm_ket` char(200) NOT NULL default '',
  `app_user_id` char(6) NOT NULL default '0',
  `inout_budget` tinyint(1) NOT NULL default '0',
  `jurnal_verify` tinyint(1) NOT NULL default '0' COMMENT 'verify jurnal cpa oleh akunting',
  `status_akuntansi` tinyint(1) NOT NULL default '0',
  `status_kasir` tinyint(1) NOT NULL default '0',
  PRIMARY KEY  (`id_reqpay`)
) ENGINE=InnoDB DEFAULT CHARSET=latin1 ROW_FORMAT=COMPACT;

-- Dumping data for table tatamasa_live.master_reqpay: ~0 rows (approximately)
/*!40000 ALTER TABLE `master_reqpay` DISABLE KEYS */;
/*!40000 ALTER TABLE `master_reqpay` ENABLE KEYS */;


-- Dumping structure for table tatamasa_live.master_rumah
CREATE TABLE IF NOT EXISTS `master_rumah` (
  `id_rumah` char(7) NOT NULL,
  `id_proyek` char(3) NOT NULL,
  `nama_rumah` char(50) NOT NULL default '',
  `tipe` char(15) NOT NULL default '',
  `blok` char(15) NOT NULL default '',
  `luas` decimal(15,2) NOT NULL default '0.00',
  `harga` decimal(15,2) NOT NULL default '0.00',
  `status_jual` tinyint(1) NOT NULL default '0',
  `keterangan` char(200) NOT NULL default '',
  PRIMARY KEY  (`id_rumah`)
) ENGINE=InnoDB DEFAULT CHARSET=latin1;

-- Dumping data for table tatamasa_live.master_rumah: ~167 rows (approximately)
/*!40000 ALTER TABLE `master_rumah` DISABLE KEYS */;
REPLACE INTO `master_rumah` (`id_rumah`, `id_proyek`, `nama_rumah`, `tipe`, `blok`, `luas`, `harga`, `status_jual`, `keterangan`) VALUES
	('001-001', '001', 'Buogenville 1', '89', 'BB', 100.00, 400000000.00, 2, ''),
	('001-002', '001', 'Anggrek', '80', 'CC', 120.00, 500000000.00, 2, ''),
	('001-003', '001', 'Kamboja', '100', 'DD', 100.00, 600000000.00, 2, ''),
	('001-004', '001', '', '', '', 0.00, 0.00, 0, ''),
	('003-001', '003', 'CEMPAKA RAYA', '48', '1', 193.00, 400000000.00, 2, ''),
	('003-002', '003', 'Cempaka Manis', '48', '2', 110.00, 700000000.00, 1, ''),
	('003-003', '003', 'CEMPAKA RAYA', '48', '3', 106.00, 0.00, 0, ''),
	('003-004', '003', 'CEMPAKA RAYA', '48', '5', 101.00, 0.00, 0, ''),
	('003-005', '003', 'CEMPAKA RAYA', '48', '6', 96.00, 0.00, 0, ''),
	('003-006', '003', 'CEMPAKA RAYA', '48', '7', 92.00, 0.00, 0, ''),
	('003-007', '003', 'CEMPAKA RAYA', '48', '8', 87.00, 0.00, 0, ''),
	('003-008', '003', 'CEMPAKA RAYA', '55', '9', 136.00, 0.00, 0, ''),
	('003-009', '003', 'CEMPAKA RAYA', '55', '10', 190.00, 0.00, 0, ''),
	('003-010', '003', 'CEMPAKA RAYA', '55', '11', 136.00, 0.00, 0, ''),
	('003-011', '003', 'CEMPAKA RAYA', '48', '12', 119.00, 0.00, 0, ''),
	('003-012', '003', 'CEMPAKA RAYA', '55', '15', 101.00, 0.00, 0, ''),
	('003-013', '003', 'CEMPAKA RAYA', '55', '16', 173.00, 0.00, 0, ''),
	('003-014', '003', 'CEMPAKA RAYA', '43', '17', 180.00, 0.00, 0, ''),
	('003-015', '003', 'CEMPAKA RAYA', '55', '18', 136.00, 0.00, 0, ''),
	('003-016', '003', '', '', '', 0.00, 0.00, 0, ''),
	('003-017', '003', '', '', '', 0.00, 0.00, 0, ''),
	('003-018', '003', '', '', '', 0.00, 0.00, 0, ''),
	('003-019', '003', '', '', '', 0.00, 0.00, 0, ''),
	('003-020', '003', '', '', '', 0.00, 0.00, 0, ''),
	('003-021', '003', '', '', '', 0.00, 0.00, 0, ''),
	('003-022', '003', '', '', '', 0.00, 0.00, 0, ''),
	('003-023', '003', '', '', '', 0.00, 0.00, 0, ''),
	('003-024', '003', '', '', '', 0.00, 0.00, 0, ''),
	('003-025', '003', '', '', '', 0.00, 0.00, 0, ''),
	('003-026', '003', '', '', '', 0.00, 0.00, 0, ''),
	('003-027', '003', '', '', '', 0.00, 0.00, 0, ''),
	('003-028', '003', '', '', '', 0.00, 0.00, 0, ''),
	('003-029', '003', '', '', '', 0.00, 0.00, 0, ''),
	('003-030', '003', '', '', '', 0.00, 0.00, 0, ''),
	('003-031', '003', '', '', '', 0.00, 0.00, 0, ''),
	('003-032', '003', '', '', '', 0.00, 0.00, 0, ''),
	('003-033', '003', '', '', '', 0.00, 0.00, 0, ''),
	('003-034', '003', '', '', '', 0.00, 0.00, 0, ''),
	('003-035', '003', '', '', '', 0.00, 0.00, 0, ''),
	('003-036', '003', '', '', '', 0.00, 0.00, 0, ''),
	('003-037', '003', '', '', '', 0.00, 0.00, 0, ''),
	('003-038', '003', '', '', '', 0.00, 0.00, 0, ''),
	('003-039', '003', '', '', '', 0.00, 0.00, 0, ''),
	('003-040', '003', '', '', '', 0.00, 0.00, 0, ''),
	('003-041', '003', '', '', '', 0.00, 0.00, 0, ''),
	('003-042', '003', '', '', '', 0.00, 0.00, 0, ''),
	('003-043', '003', '', '', '', 0.00, 0.00, 0, ''),
	('003-044', '003', '', '', '', 0.00, 0.00, 0, ''),
	('003-045', '003', '', '', '', 0.00, 0.00, 0, ''),
	('003-046', '003', '', '', '', 0.00, 0.00, 0, ''),
	('003-047', '003', '', '', '', 0.00, 0.00, 0, ''),
	('003-048', '003', '', '', '', 0.00, 0.00, 0, ''),
	('003-049', '003', '', '', '', 0.00, 0.00, 0, ''),
	('003-050', '003', '', '', '', 0.00, 0.00, 0, ''),
	('003-051', '003', '', '', '', 0.00, 0.00, 0, ''),
	('003-052', '003', '', '', '', 0.00, 0.00, 0, ''),
	('003-053', '003', '', '', '', 0.00, 0.00, 0, ''),
	('003-054', '003', '', '', '', 0.00, 0.00, 0, ''),
	('003-055', '003', '', '', '', 0.00, 0.00, 0, ''),
	('003-056', '003', '', '', '', 0.00, 0.00, 0, ''),
	('003-057', '003', '', '', '', 0.00, 0.00, 0, ''),
	('003-058', '003', '', '', '', 0.00, 0.00, 0, ''),
	('003-059', '003', '', '', '', 0.00, 0.00, 0, ''),
	('003-060', '003', '', '', '', 0.00, 0.00, 0, ''),
	('003-061', '003', '', '', '', 0.00, 0.00, 0, ''),
	('003-062', '003', '', '', '', 0.00, 0.00, 0, ''),
	('003-063', '003', '', '', '', 0.00, 0.00, 0, ''),
	('003-064', '003', '', '', '', 0.00, 0.00, 0, ''),
	('003-065', '003', '', '', '', 0.00, 0.00, 0, ''),
	('003-066', '003', '', '', '', 0.00, 0.00, 0, ''),
	('003-067', '003', '', '', '', 0.00, 0.00, 0, ''),
	('003-068', '003', '', '', '', 0.00, 0.00, 0, ''),
	('003-069', '003', '', '', '', 0.00, 0.00, 0, ''),
	('003-070', '003', '', '', '', 0.00, 0.00, 0, ''),
	('003-071', '003', '', '', '', 0.00, 0.00, 0, ''),
	('003-072', '003', '', '', '', 0.00, 0.00, 0, ''),
	('003-073', '003', '', '', '', 0.00, 0.00, 0, ''),
	('003-074', '003', '', '', '', 0.00, 0.00, 0, ''),
	('003-075', '003', '', '', '', 0.00, 0.00, 0, ''),
	('003-076', '003', '', '', '', 0.00, 0.00, 0, ''),
	('003-077', '003', '', '', '', 0.00, 0.00, 0, ''),
	('003-078', '003', '', '', '', 0.00, 0.00, 0, ''),
	('003-079', '003', '', '', '', 0.00, 0.00, 0, ''),
	('003-080', '003', '', '', '', 0.00, 0.00, 0, ''),
	('003-081', '003', '', '', '', 0.00, 0.00, 0, ''),
	('003-082', '003', '', '', '', 0.00, 0.00, 0, ''),
	('003-083', '003', '', '', '', 0.00, 0.00, 0, ''),
	('003-084', '003', '', '', '', 0.00, 0.00, 0, ''),
	('003-085', '003', '', '', '', 0.00, 0.00, 0, ''),
	('003-086', '003', '', '', '', 0.00, 0.00, 0, ''),
	('003-087', '003', '', '', '', 0.00, 0.00, 0, ''),
	('003-088', '003', '', '', '', 0.00, 0.00, 0, ''),
	('003-089', '003', '', '', '', 0.00, 0.00, 0, ''),
	('003-090', '003', '', '', '', 0.00, 0.00, 0, ''),
	('003-091', '003', '', '', '', 0.00, 0.00, 0, ''),
	('003-092', '003', '', '', '', 0.00, 0.00, 0, ''),
	('003-093', '003', '', '', '', 0.00, 0.00, 0, ''),
	('003-094', '003', '', '', '', 0.00, 0.00, 0, ''),
	('003-095', '003', '', '', '', 0.00, 0.00, 0, ''),
	('003-096', '003', '', '', '', 0.00, 0.00, 0, ''),
	('003-097', '003', '', '', '', 0.00, 0.00, 0, ''),
	('003-098', '003', '', '', '', 0.00, 0.00, 0, ''),
	('003-099', '003', '', '', '', 0.00, 0.00, 0, ''),
	('003-100', '003', '', '', '', 0.00, 0.00, 0, ''),
	('003-101', '003', '', '', '', 0.00, 0.00, 0, ''),
	('003-102', '003', '', '', '', 0.00, 0.00, 0, ''),
	('003-103', '003', '', '', '', 0.00, 0.00, 0, ''),
	('003-104', '003', '', '', '', 0.00, 0.00, 0, ''),
	('003-105', '003', '', '', '', 0.00, 0.00, 0, ''),
	('003-106', '003', '', '', '', 0.00, 0.00, 0, ''),
	('003-107', '003', '', '', '', 0.00, 0.00, 0, ''),
	('003-108', '003', '', '', '', 0.00, 0.00, 0, ''),
	('003-109', '003', '', '', '', 0.00, 0.00, 0, ''),
	('003-110', '003', '', '', '', 0.00, 0.00, 0, ''),
	('003-111', '003', '', '', '', 0.00, 0.00, 0, ''),
	('003-112', '003', '', '', '', 0.00, 0.00, 0, ''),
	('003-113', '003', '', '', '', 0.00, 0.00, 0, ''),
	('003-114', '003', '', '', '', 0.00, 0.00, 0, ''),
	('003-115', '003', '', '', '', 0.00, 0.00, 0, ''),
	('003-116', '003', '', '', '', 0.00, 0.00, 0, ''),
	('003-117', '003', '', '', '', 0.00, 0.00, 0, ''),
	('003-118', '003', '', '', '', 0.00, 0.00, 0, '');
/*!40000 ALTER TABLE `master_rumah` ENABLE KEYS */;


-- Dumping structure for table tatamasa_live.master_settle_adv
CREATE TABLE IF NOT EXISTS `master_settle_adv` (
  `id_settle_adv` char(15) NOT NULL default '',
  `id_kyw` char(6) NOT NULL default '',
  `id_adv` char(15) NOT NULL default '0.00',
  `jml_uang_paid` decimal(15,2) NOT NULL default '0.00',
  `jml_uang_oupaid` decimal(15,2) NOT NULL default '0.00',
  `tgl_trans` date NOT NULL default '0000-00-00',
  `tgl_jt` date NOT NULL default '0000-00-00',
  `pay_to` char(50) NOT NULL default '',
  `nama_akun_bank` char(50) NOT NULL default '',
  `no_akun_bank` char(25) NOT NULL default '',
  `nama_bank` char(50) NOT NULL default '',
  `keterangan` char(200) NOT NULL default '',
  `dok_fpe` tinyint(1) NOT NULL default '0' COMMENT 'flag faktur penjualan',
  `dok_kuitansi` tinyint(1) NOT NULL default '0' COMMENT 'flag kuitansi',
  `dok_fpa` tinyint(1) NOT NULL default '0' COMMENT 'flag faktur pajak',
  `dok_po` tinyint(1) NOT NULL default '0' COMMENT 'flag dokumen PO',
  `dok_suratjalan` tinyint(1) NOT NULL default '0' COMMENT 'flag surat jalan',
  `dok_lappenerimaanbrg` tinyint(1) NOT NULL default '0' COMMENT 'flag laporan permintaan barang',
  `dok_bast` tinyint(1) NOT NULL default '0' COMMENT 'flag berita acara serah terima',
  `dok_bap` tinyint(1) NOT NULL default '0' COMMENT 'flag berita acara pemeriksaan',
  `dok_ssp` tinyint(1) NOT NULL default '0' COMMENT 'flag dokumen surat perjanjian kontrak',
  `dok_sspk` tinyint(1) NOT NULL default '0' COMMENT 'flag dokumen sesuai perintah kerja',
  `dok_lpjum` tinyint(1) NOT NULL default '0' COMMENT 'flag dokumen surat Jaminan',
  `app_keuangan_id` int(6) NOT NULL default '0' COMMENT 'simpan idUser sistem',
  `app_hd_id` int(6) NOT NULL default '0',
  `app_gm_id` int(6) NOT NULL default '0',
  `app_keuangan_status` tinyint(1) NOT NULL default '0' COMMENT 'paid, approve, reject',
  `app_hd_status` tinyint(1) NOT NULL default '0',
  `app_gm_status` tinyint(1) NOT NULL default '0',
  `app_keuangan_tgl` date NOT NULL default '0000-00-00' COMMENT 'tgl approval',
  `app_hd_tgl` date NOT NULL default '0000-00-00',
  `app_gm_tgl` date NOT NULL default '0000-00-00',
  `app_keuangan_ket` char(200) NOT NULL default '' COMMENT 'keterangan approval',
  `app_hd_ket` char(200) NOT NULL default '',
  `app_gm_ket` char(200) NOT NULL default '',
  `app_user_id` char(15) NOT NULL default '0',
  `inout_budget` tinyint(1) NOT NULL default '0',
  `status_akuntansi` tinyint(1) NOT NULL default '0',
  `status_kasir` tinyint(1) NOT NULL default '0',
  PRIMARY KEY  (`id_settle_adv`)
) ENGINE=InnoDB DEFAULT CHARSET=latin1 ROW_FORMAT=COMPACT;

-- Dumping data for table tatamasa_live.master_settle_adv: ~0 rows (approximately)
/*!40000 ALTER TABLE `master_settle_adv` DISABLE KEYS */;
/*!40000 ALTER TABLE `master_settle_adv` ENABLE KEYS */;


-- Dumping structure for table tatamasa_live.master_supplier
CREATE TABLE IF NOT EXISTS `master_supplier` (
  `id_spl` char(6) NOT NULL default '',
  `nama_spl` char(30) default NULL,
  `alamat` char(100) default NULL,
  `telp` char(16) default NULL,
  `npwp` char(20) default NULL,
  `seripajak` char(20) default NULL,
  `kode_perk` char(25) default NULL,
  `nama_akun_bank` char(30) default NULL,
  `no_akun_bank` char(25) default NULL,
  `nama_bank` char(30) default NULL,
  PRIMARY KEY  (`id_spl`)
) ENGINE=InnoDB DEFAULT CHARSET=latin1;

-- Dumping data for table tatamasa_live.master_supplier: ~1 rows (approximately)
/*!40000 ALTER TABLE `master_supplier` DISABLE KEYS */;
REPLACE INTO `master_supplier` (`id_spl`, `nama_spl`, `alamat`, `telp`, `npwp`, `seripajak`, `kode_perk`, `nama_akun_bank`, `no_akun_bank`, `nama_bank`) VALUES
	('000001', 'Unlivever', 'Cikarang', '7878', '654321', '9898', '2010201', 'ghgh', '5656', 'bca');
/*!40000 ALTER TABLE `master_supplier` ENABLE KEYS */;


-- Dumping structure for table tatamasa_live.perintah_pembayaran
CREATE TABLE IF NOT EXISTS `perintah_pembayaran` (
  `id_pp` char(50) NOT NULL default '',
  `tgl_trans` date default '0000-00-00',
  `id_advance` char(50) default NULL,
  `jumlah` decimal(15,2) default '0.00',
  `type_adv` char(3) default '0',
  `kode_bayar` char(50) default '0',
  `status_kasir` tinyint(1) default '0',
  PRIMARY KEY  (`id_pp`)
) ENGINE=InnoDB DEFAULT CHARSET=latin1;

-- Dumping data for table tatamasa_live.perintah_pembayaran: ~0 rows (approximately)
/*!40000 ALTER TABLE `perintah_pembayaran` DISABLE KEYS */;
/*!40000 ALTER TABLE `perintah_pembayaran` ENABLE KEYS */;


-- Dumping structure for table tatamasa_live.perkiraan
CREATE TABLE IF NOT EXISTS `perkiraan` (
  `kode_perk` char(20) NOT NULL default '',
  `kode_alt` char(20) default NULL,
  `nama_perk` char(50) default NULL,
  `kode_induk` char(20) NOT NULL default '',
  `level` tinyint(2) unsigned NOT NULL default '0',
  `type` char(1) NOT NULL default '',
  `dk` char(1) NOT NULL default '',
  `saldo_awal` decimal(17,2) NOT NULL default '0.00',
  `saldo_debet` decimal(15,2) NOT NULL default '0.00',
  `saldo_kredit` decimal(15,2) NOT NULL default '0.00',
  `saldo_akhir` decimal(17,2) NOT NULL default '0.00',
  PRIMARY KEY  (`kode_perk`),
  UNIQUE KEY `kode_alt` (`kode_alt`)
) ENGINE=MyISAM DEFAULT CHARSET=latin1 ROW_FORMAT=FIXED;

-- Dumping data for table tatamasa_live.perkiraan: 487 rows
/*!40000 ALTER TABLE `perkiraan` DISABLE KEYS */;
REPLACE INTO `perkiraan` (`kode_perk`, `kode_alt`, `nama_perk`, `kode_induk`, `level`, `type`, `dk`, `saldo_awal`, `saldo_debet`, `saldo_kredit`, `saldo_akhir`) VALUES
	('1', '1', 'AKTIVA', '0', 1, 'G', 'D', 0.00, 0.00, 0.00, 0.00),
	('101', '11', 'ASET LANCAR', '1', 2, 'G', 'D', 0.00, 0.00, 0.00, 0.00),
	('10101', '111', 'Kas dan Setara Kas', '101', 3, 'G', 'D', 0.00, 0.00, 0.00, 0.00),
	('1010101', '1111', 'Kas Besar', '10101', 4, 'G', 'D', 0.00, 0.00, 0.00, 0.00),
	('101010101', '111101', 'Kas Besar - Margini', '1010101', 5, 'D', 'D', 0.00, 0.00, 0.00, 0.00),
	('1010102', '1112', 'Kas Kecil', '10101', 4, 'G', 'D', 0.00, 0.00, 0.00, 0.00),
	('101010201', '111201', 'Kas Kecil - keuangan (Yanti)', '1010102', 5, 'D', 'D', 0.00, 0.00, 0.00, 0.00),
	('101010202', '111202', 'Kas Kecil - Operasional Proyek (Dodied)', '1010102', 5, 'D', 'D', 0.00, 0.00, 0.00, 0.00),
	('1010103', '1113', 'Kas di Bank', '10101', 4, 'G', 'D', 0.00, 0.00, 0.00, 0.00),
	('101010301', '111301', 'Kas di Bank - Mandiri', '1010103', 5, 'G', 'D', 0.00, 0.00, 0.00, 0.00),
	('10101030101', '1113011', 'Bank Mandiri (Rek. 438)', '101010301', 6, 'D', 'D', 0.00, 0.00, 0.00, 0.00),
	('101010302', '111302', 'Kas di Bank - BTN', '1010103', 5, 'G', 'D', 0.00, 0.00, 0.00, 0.00),
	('10101030201', '1113021', 'Bank BTN (Rek. 293)', '101010302', 6, 'D', 'D', 0.00, 0.00, 0.00, 0.00),
	('10101030202', '1113022', 'Bank BTN (Rek. 2813)', '101010302', 6, 'D', 'D', 0.00, 0.00, 0.00, 0.00),
	('1010104', '1114', 'Deposito', '10101', 4, 'G', 'D', 0.00, 0.00, 0.00, 0.00),
	('101010401', '11141', 'Deposito - Bank Muamalat', '1010104', 5, 'D', 'D', 0.00, 0.00, 0.00, 0.00),
	('101010402', '11142', 'Deposito - BRI Syariah', '1010104', 5, 'D', 'D', 0.00, 0.00, 0.00, 0.00),
	('101010403', '11143', 'Deposito - Yudha Bhakti', '1010104', 5, 'D', 'D', 0.00, 0.00, 0.00, 0.00),
	('1010105', '1119', 'Kas Dalam Perjalanan', '10101', 4, 'D', 'D', 0.00, 0.00, 0.00, 0.00),
	('10102', '113', 'Piutang Usaha', '101', 3, 'G', 'D', 0.00, 0.00, 0.00, 0.00),
	('1010201', '1131', 'Piutang Usaha Pihak Ketiga', '10102', 4, 'G', 'D', 0.00, 0.00, 0.00, 0.00),
	('1010202', '1132', 'Piutang Usaha Pihak Afiliasi', '10102', 4, 'D', 'D', 0.00, 0.00, 0.00, 0.00),
	('10103', '114', 'Piutang Lain-lain', '101', 3, 'G', 'D', 0.00, 0.00, 0.00, 0.00),
	('1010301', '1141', 'Piutang Lain-lain Pihak Ketiga', '10103', 4, 'G', 'D', 0.00, 0.00, 0.00, 0.00),
	('101030101', '114101', 'Piutang Lain-lain - Teratai R', '1010301', 5, 'D', 'D', 0.00, 0.00, 0.00, 0.00),
	('101030102', '114102', 'Piutang Lain-lain - PT. TTMS', '1010301', 5, 'D', 'D', 0.00, 0.00, 0.00, 0.00),
	('101030103', '114103', 'Piutang Lain-lain - PT. PSI', '1010301', 5, 'D', 'D', 0.00, 0.00, 0.00, 0.00),
	('1010302', '1142', 'Piutang Lain-lain Pihak Afiliasi', '10103', 4, 'G', 'D', 0.00, 0.00, 0.00, 0.00),
	('101030201', '114201', 'Piutang dari Pemegang Saham', '1010302', 5, 'G', 'D', 0.00, 0.00, 0.00, 0.00),
	('10103020101', '11420101', 'Piutang Pemegang Saham - Lusiana', '101030201', 6, 'D', 'D', 0.00, 0.00, 0.00, 0.00),
	('10103020102', '11420102', 'Piutang Pemegang Saham - Shahla Rooswita', '101030201', 6, 'D', 'D', 0.00, 0.00, 0.00, 0.00),
	('101030202', '114202', 'Piutang dari Perusahaan Afiliasi', '1010302', 5, 'D', 'D', 0.00, 0.00, 0.00, 0.00),
	('101030203', '114203', 'Piutang Karyawan', '1010302', 5, 'G', 'D', 0.00, 0.00, 0.00, 0.00),
	('10103020301', '1142031', 'Piutang ke Karyawan', '101030203', 6, 'D', 'D', 0.00, 0.00, 0.00, 0.00),
	('10103020302', '1142032', 'Piutang Karyawan - Kelebihan Advance', '101030203', 6, 'D', 'D', 0.00, 0.00, 0.00, 0.00),
	('101030204', '114298', 'Piutang Lainnya', '1010302', 5, 'D', 'D', 0.00, 0.00, 0.00, 0.00),
	('10104', '115', 'Persediaan', '101', 3, 'G', 'D', 0.00, 0.00, 0.00, 0.00),
	('1010401', '11501', 'Persediaan Jadi Tanah & Bangunan', '10104', 4, 'D', 'D', 0.00, 0.00, 0.00, 0.00),
	('1010402', '11502', 'Tanah Sedang Dikembangkan', '10104', 4, 'D', 'D', 0.00, 0.00, 0.00, 0.00),
	('1010403', '11503', 'Bangunan Sedang Dikembangkan', '10104', 4, 'G', 'D', 0.00, 0.00, 0.00, 0.00),
	('101040301', '1150301', 'BSD - Perijinan & Legal', '1010403', 5, 'D', 'D', 0.00, 0.00, 0.00, 0.00),
	('101040302', '1150302', 'BSD - Konstruksi', '1010403', 5, 'G', 'D', 0.00, 0.00, 0.00, 0.00),
	('10104030201', '115030201', 'Biaya Bangunan', '101040302', 6, 'G', 'D', 0.00, 0.00, 0.00, 0.00),
	('1010403020101', '1150302011', 'Biaya Bangunan - Type A (Type 55/96)', '10104030201', 7, 'D', 'D', 0.00, 0.00, 0.00, 0.00),
	('1010403020102', '1150302012', 'Biaya Bangunan - Type B (Type 43/72)', '10104030201', 7, 'D', 'D', 0.00, 0.00, 0.00, 0.00),
	('1010403020103', '1150302013', 'Biaya Bangunan - Type C (Type 48/90)', '10104030201', 7, 'D', 'D', 0.00, 0.00, 0.00, 0.00),
	('1010403020104', '1150302014', 'Biaya Bangunan - Type D (Type 50/84)', '10104030201', 7, 'D', 'D', 0.00, 0.00, 0.00, 0.00),
	('10104030202', '115030202', 'Biaya Penyambungan Listrik', '101040302', 6, 'D', 'D', 0.00, 0.00, 0.00, 0.00),
	('10104030203', '115030203', 'Biaya Sumur Pantek+perlengkapan Rumah', '101040302', 6, 'D', 'D', 0.00, 0.00, 0.00, 0.00),
	('101040303', '1150306', 'BSD - Sarana & Prasarana', '1010403', 5, 'G', 'D', 0.00, 0.00, 0.00, 0.00),
	('10104030301', '115030601', '"Kantor, Gerbang, Pagar"', '101040303', 6, 'D', 'D', 0.00, 0.00, 0.00, 0.00),
	('10104030302', '115030602', 'Pematangan Lahan', '101040303', 6, 'D', 'D', 0.00, 0.00, 0.00, 0.00),
	('10104030303', '115030603', 'Jalan', '101040303', 6, 'D', 'D', 0.00, 0.00, 0.00, 0.00),
	('10104030304', '115030604', 'Saluran', '101040303', 6, 'D', 'D', 0.00, 0.00, 0.00, 0.00),
	('10104030305', '115030605', 'Taman', '101040303', 6, 'D', 'D', 0.00, 0.00, 0.00, 0.00),
	('10104030306', '115030606', 'Fasum & Fasos', '101040303', 6, 'D', 'D', 0.00, 0.00, 0.00, 0.00),
	('10104030307', '115030607', 'Pagar Lingkungan', '101040303', 6, 'D', 'D', 0.00, 0.00, 0.00, 0.00),
	('10104030308', '115030608', 'Turap Kali', '101040303', 6, 'D', 'D', 0.00, 0.00, 0.00, 0.00),
	('1010404', '11504', 'Tanah Belum Dikembangkan', '10104', 4, 'D', 'D', 0.00, 0.00, 0.00, 0.00),
	('10105', '116', 'Uang Muka Dibayar', '101', 3, 'G', 'D', 0.00, 0.00, 0.00, 0.00),
	('1010501', '11601', 'Uang Muka Dibayar - Operasional', '10105', 4, 'D', 'D', 0.00, 0.00, 0.00, 0.00),
	('1010502', '11602', 'Uang Muka Dibayar - Proyek Property', '10105', 4, 'D', 'D', 0.00, 0.00, 0.00, 0.00),
	('1010503', '11603', 'Uang Muka Dibayar - Aset Tetap', '10105', 4, 'D', 'D', 0.00, 0.00, 0.00, 0.00),
	('1010504', '11604', 'Uang Muka Dibayar - Marketing', '10105', 4, 'G', 'D', 0.00, 0.00, 0.00, 0.00),
	('101050401', '1160401', 'Biaya Marketing Tool Kit', '1010504', 5, 'D', 'D', 0.00, 0.00, 0.00, 0.00),
	('101050402', '1160402', '"Biaya Advertising, Promotion & Exhibition"', '1010504', 5, 'D', 'D', 0.00, 0.00, 0.00, 0.00),
	('101050403', '1160403', 'Biaya Advertising Designer', '1010504', 5, 'D', 'D', 0.00, 0.00, 0.00, 0.00),
	('101050404', '1160404', 'Biaya Komisi / Broker Fee', '1010504', 5, 'D', 'D', 0.00, 0.00, 0.00, 0.00),
	('101050405', '1160405', 'Biaya Entertainment', '1010504', 5, 'D', 'D', 0.00, 0.00, 0.00, 0.00),
	('101050406', '1160406', 'Biaya Promosi Bonus Home Appliance', '1010504', 5, 'D', 'D', 0.00, 0.00, 0.00, 0.00),
	('1010505', '11605', 'Uang Muka Dibayar - Konsumen', '10105', 4, 'G', 'D', 0.00, 0.00, 0.00, 0.00),
	('101050501', '116051', 'Uang Muka Dibayar - Konsumen (Type A)', '1010505', 5, 'D', 'D', 0.00, 0.00, 0.00, 0.00),
	('101050502', '116052', 'Uang Muka Dibayar - Konsumen (Type B)', '1010505', 5, 'D', 'D', 0.00, 0.00, 0.00, 0.00),
	('101050503', '116053', 'Uang Muka Dibayar - Konsumen (Type C)', '1010505', 5, 'D', 'D', 0.00, 0.00, 0.00, 0.00),
	('101050504', '116054', 'Uang Muka Dibayar - Konsumen (Type D)', '1010505', 5, 'D', 'D', 0.00, 0.00, 0.00, 0.00),
	('1010506', '11606', 'Uang Muka Dibayar - Operasional Proyek', '10105', 4, 'G', 'D', 0.00, 0.00, 0.00, 0.00),
	('101050601', '11606001', 'Biaya Karyawan Umum & Administrasi', '1010506', 5, 'G', 'D', 0.00, 0.00, 0.00, 0.00),
	('10105060101', '1160600101', 'Biaya Gaji Karyawan', '101050601', 6, 'D', 'D', 0.00, 0.00, 0.00, 0.00),
	('10105060102', '1160600102', 'Biaya Kesehatan Karyawan', '101050601', 6, 'D', 'D', 0.00, 0.00, 0.00, 0.00),
	('10105060103', '1160600103', 'Biaya Komunikasi Karyawan', '101050601', 6, 'D', 'D', 0.00, 0.00, 0.00, 0.00),
	('10105060104', '1160600104', 'Biaya Recruitment Karyawan', '101050601', 6, 'D', 'D', 0.00, 0.00, 0.00, 0.00),
	('101050602', '11606002', 'Biaya Sewa', '1010506', 5, 'G', 'D', 0.00, 0.00, 0.00, 0.00),
	('10105060201', '1160600201', 'Biaya Sewa Rumah / Gedung', '101050602', 6, 'D', 'D', 0.00, 0.00, 0.00, 0.00),
	('10105060202', '1160600202', 'Biaya Sewa Kendaraan Bermotor', '101050602', 6, 'D', 'D', 0.00, 0.00, 0.00, 0.00),
	('10105060203', '1160600203', 'Biaya Sewa Peralatan', '101050602', 6, 'D', 'D', 0.00, 0.00, 0.00, 0.00),
	('101050603', '11606003', 'Biaya Maintenance', '1010506', 5, 'G', 'D', 0.00, 0.00, 0.00, 0.00),
	('10105060301', '1160600301', 'Biaya Maintenance Gedung', '101050603', 6, 'D', 'D', 0.00, 0.00, 0.00, 0.00),
	('10105060302', '1160600302', 'Biaya Maintenance Peralatan', '101050603', 6, 'D', 'D', 0.00, 0.00, 0.00, 0.00),
	('10105060303', '1160600303', 'Biaya Maintenance Kendaraan', '101050603', 6, 'D', 'D', 0.00, 0.00, 0.00, 0.00),
	('10105060304', '1160600304', 'Biaya Maintenance Lainnya', '101050603', 6, 'D', 'D', 0.00, 0.00, 0.00, 0.00),
	('101050604', '11606004', 'Biaya Utilities', '1010506', 5, 'G', 'D', 0.00, 0.00, 0.00, 0.00),
	('10105060401', '1160600401', 'Biaya Listrik', '101050604', 6, 'D', 'D', 0.00, 0.00, 0.00, 0.00),
	('10105060402', '1160600402', 'Biaya Telepon', '101050604', 6, 'D', 'D', 0.00, 0.00, 0.00, 0.00),
	('10105060403', '1160600403', 'Biaya Air PAM', '101050604', 6, 'D', 'D', 0.00, 0.00, 0.00, 0.00),
	('10105060404', '1160600404', 'Biaya Internet', '101050604', 6, 'D', 'D', 0.00, 0.00, 0.00, 0.00),
	('101050605', '11606005', 'Biaya Perlengkapan', '1010506', 6, 'D', 'D', 0.00, 0.00, 0.00, 0.00),
	('101050606', '11606006', 'Biaya Transportasi', '1010506', 6, 'D', 'D', 0.00, 0.00, 0.00, 0.00),
	('101050607', '11606007', 'Biaya Asuransi', '1010506', 6, 'G', 'D', 0.00, 0.00, 0.00, 0.00),
	('10105060701', '1160600701', 'Biaya Asuransi Bangunan', '101050607', 7, 'D', 'D', 0.00, 0.00, 0.00, 0.00),
	('10105060702', '1160600702', 'Biaya Asuransi Kendaraan Bermotor', '101050607', 7, 'D', 'D', 0.00, 0.00, 0.00, 0.00),
	('101050608', '11606008', 'Biaya Keamanan & Kebersihan', '1010506', 6, 'G', 'D', 0.00, 0.00, 0.00, 0.00),
	('10105060801', '1160600801', 'Biaya Keamanan', '101050608', 7, 'D', 'D', 0.00, 0.00, 0.00, 0.00),
	('10105060802', '1160600802', 'Biaya Kebersihan', '101050608', 7, 'D', 'D', 0.00, 0.00, 0.00, 0.00),
	('101050609', '11606009', 'Biaya Percetakan & Fotocopi', '1010506', 6, 'D', 'D', 0.00, 0.00, 0.00, 0.00),
	('101050610', '11606010', 'Biaya ATK', '1010506', 6, 'D', 'D', 0.00, 0.00, 0.00, 0.00),
	('101050611', '11606011', 'Biaya Pengiriman Dokumen', '1010506', 6, 'D', 'D', 0.00, 0.00, 0.00, 0.00),
	('101050612', '11606012', 'Biaya Kebutuhan Rumah Tangga', '1010506', 6, 'D', 'D', 0.00, 0.00, 0.00, 0.00),
	('101050613', '11606013', 'Biaya Retribusi & Iuran', '1010506', 6, 'D', 'D', 0.00, 0.00, 0.00, 0.00),
	('101050614', '11606014', 'Biaya Penyusutan & Amortisasi', '1010506', 6, 'G', 'D', 0.00, 0.00, 0.00, 0.00),
	('10105061401', '1160601401', 'Biayapenyusutan Aset Tetap', '101050614', 7, 'G', 'D', 0.00, 0.00, 0.00, 0.00),
	('1010506140101', '116060140101', 'Biaya Penyusutan Bangunan', '10105061401', 8, 'D', 'D', 0.00, 0.00, 0.00, 0.00),
	('1010506140102', '116060140102', 'Biaya Penyusutan Prasarana', '10105061401', 8, 'D', 'D', 0.00, 0.00, 0.00, 0.00),
	('1010506140103', '116060140103', 'Biaya Penyusutan Mesin', '10105061401', 8, 'D', 'D', 0.00, 0.00, 0.00, 0.00),
	('1010506140104', '116060140104', 'Biaya Penyusutan Kendaraan Bermotor', '10105061401', 8, 'D', 'D', 0.00, 0.00, 0.00, 0.00),
	('1010506140105', '116060140105', 'Biaya Penyusutan Peralatan & Perlengkapan', '10105061401', 8, 'D', 'D', 0.00, 0.00, 0.00, 0.00),
	('1010506140106', '116060140106', 'Biaya Penyusutan Furniture & Fixture', '10105061401', 8, 'D', 'D', 0.00, 0.00, 0.00, 0.00),
	('1010506140107', '116060140107', 'Biaya Penyusutan Komputer Hardware', '10105061401', 8, 'D', 'D', 0.00, 0.00, 0.00, 0.00),
	('10105061402', '1160601402', 'Biaya Amortisasi Aset Nirwujud', '101050614', 7, 'G', 'D', 0.00, 0.00, 0.00, 0.00),
	('1010506140201', '116060140201', 'Biaya Amortisasi Hak Paten', '10105061402', 8, 'D', 'D', 0.00, 0.00, 0.00, 0.00),
	('1010506140202', '116060140202', 'Biaya Amortisasi Komputer Software', '10105061402', 8, 'D', 'D', 0.00, 0.00, 0.00, 0.00),
	('101050615', '11606015', 'Biaya Konsultan', '1010506', 6, 'G', 'D', 0.00, 0.00, 0.00, 0.00),
	('10105061501', '1160601501', 'Auditor', '101050615', 7, 'D', 'D', 0.00, 0.00, 0.00, 0.00),
	('10105061502', '1160601502', 'Notaris', '101050615', 7, 'D', 'D', 0.00, 0.00, 0.00, 0.00),
	('10105061503', '1160601503', 'Law Firm', '101050615', 7, 'D', 'D', 0.00, 0.00, 0.00, 0.00),
	('10105061504', '1160601504', 'System', '101050615', 7, 'D', 'D', 0.00, 0.00, 0.00, 0.00),
	('10105061505', '1160601505', 'Lainnya', '101050615', 7, 'D', 'D', 0.00, 0.00, 0.00, 0.00),
	('101050616', '11606040', 'Biaya Lainnya', '1010506', 6, 'G', 'D', 0.00, 0.00, 0.00, 0.00),
	('10105061601', '1160604001', 'Biaya Sumbangan', '101050616', 7, 'D', 'D', 0.00, 0.00, 0.00, 0.00),
	('10105061602', '1160604002', 'Biaya Umum & Administrasi Lainnya', '101050616', 7, 'D', 'D', 0.00, 0.00, 0.00, 0.00),
	('10105061603', '1160604003', 'Biaya Administrasi Bank', '101050616', 7, 'D', 'D', 0.00, 0.00, 0.00, 0.00),
	('10105061604', '1160604004', 'Biaya Bunga Pinjaman Bank', '101050616', 7, 'G', 'D', 0.00, 0.00, 0.00, 0.00),
	('1010506160401', '11606040041', 'Biaya Bunga Pinjaman Bank BCA', '10105061604', 8, 'D', 'D', 0.00, 0.00, 0.00, 0.00),
	('1010506160402', '11606040042', 'Biaya Bunga Pinjaman Bank BTN', '10105061604', 8, 'D', 'D', 0.00, 0.00, 0.00, 0.00),
	('10105061605', '1160604005', 'Pendapatan Bunga Bank', '101050616', 7, 'D', 'D', 0.00, 0.00, 0.00, 0.00),
	('10105061606', '1160604006', 'Laba / Rugi Pembulatan', '101050616', 7, 'D', 'D', 0.00, 0.00, 0.00, 0.00),
	('1010507', '11699', 'Uang Muka Dibayar - Lainnya', '10105', 4, 'D', 'D', 0.00, 0.00, 0.00, 0.00),
	('10106', '117', 'Biaya Dibayar Di Muka', '101', 3, 'G', 'D', 0.00, 0.00, 0.00, 0.00),
	('1010601', '11701', 'Sewa Dibayar Di Muka', '10106', 4, 'D', 'D', 0.00, 0.00, 0.00, 0.00),
	('1010602', '11703', 'Asuransi Gedung Dibayar Di Muka', '10106', 4, 'D', 'D', 0.00, 0.00, 0.00, 0.00),
	('1010603', '11704', 'Asuransi Kendaraan Dibayar Di Muka', '10106', 4, 'D', 'D', 0.00, 0.00, 0.00, 0.00),
	('1010604', '11705', 'Asuransi Kesehatan Dibayar Di Muka', '10106', 4, 'D', 'D', 0.00, 0.00, 0.00, 0.00),
	('1010605', '11799', 'Biaya Dibayar Di Muka Lainnya', '10106', 4, 'D', 'D', 0.00, 0.00, 0.00, 0.00),
	('10107', '118', 'Pajak Dibayar Di Muka', '101', 3, 'G', 'D', 0.00, 0.00, 0.00, 0.00),
	('1010701', '11802', 'Pajak Dibayar Di Muka - PPh Psl 23', '10107', 4, 'D', 'D', 0.00, 0.00, 0.00, 0.00),
	('1010702', '11804', 'Pajak Dibayar Di Muka - PPh Psl 25', '10107', 4, 'D', 'D', 0.00, 0.00, 0.00, 0.00),
	('1010703', '11807', 'PPN - Masukan', '10107', 4, 'D', 'D', 0.00, 0.00, 0.00, 0.00),
	('1010704', '11808', 'PBB', '10107', 4, 'D', 'D', 0.00, 0.00, 0.00, 0.00),
	('1010705', '11899', 'Pajak Dibayar Di Muka - Lainnya', '10107', 4, 'D', 'D', 0.00, 0.00, 0.00, 0.00),
	('10108', '119', 'Aset Lancar Lainnya', '101', 3, 'D', 'D', 0.00, 0.00, 0.00, 0.00),
	('102', '12', 'ASET TIDAK LANCAR', '1', 2, 'G', 'D', 0.00, 0.00, 0.00, 0.00),
	('10201', '121', 'Beban Ditangguhkan', '102', 3, 'G', 'D', 0.00, 0.00, 0.00, 0.00),
	('1020101', '12101', 'Sewa Jangka Panjang', '10201', 4, 'D', 'D', 0.00, 0.00, 0.00, 0.00),
	('1020102', '12199', 'Beban Ditangguhkan lainnya', '10201', 4, 'G', 'D', 0.00, 0.00, 0.00, 0.00),
	('102010201', '1219901', 'Beban Ditangguhkan Lainnya - Marketing', '1020102', 5, 'D', 'D', 0.00, 0.00, 0.00, 0.00),
	('102010202', '1219902', 'Beban Ditangguhkan Lainnya - Komisi', '1020102', 5, 'D', 'D', 0.00, 0.00, 0.00, 0.00),
	('10202', '123', 'Property Investasi', '102', 3, 'G', 'D', 0.00, 0.00, 0.00, 0.00),
	('1020201', '1231', 'Nilai Perolehan Property Investasi', '10202', 4, 'D', 'D', 0.00, 0.00, 0.00, 0.00),
	('1020202', '1232', 'Akumulasi Penyusutan & Amortisasi Property Investa', '10202', 4, 'D', 'D', 0.00, 0.00, 0.00, 0.00),
	('10203', '124', 'Aset Tetap', '102', 3, 'G', 'D', 0.00, 0.00, 0.00, 0.00),
	('1020301', '1241', 'Nilai Perolehan Aset Tetap', '10203', 4, 'G', 'D', 0.00, 0.00, 0.00, 0.00),
	('102030101', '124101', 'Tanah', '1020301', 5, 'D', 'D', 0.00, 0.00, 0.00, 0.00),
	('102030102', '124102', 'Bangunan', '1020301', 5, 'D', 'D', 0.00, 0.00, 0.00, 0.00),
	('102030103', '124103', 'Prasarana', '1020301', 5, 'D', 'D', 0.00, 0.00, 0.00, 0.00),
	('102030104', '124104', 'Mesin', '1020301', 5, 'D', 'D', 0.00, 0.00, 0.00, 0.00),
	('102030105', '124105', 'Kendaraan Bermotor', '1020301', 5, 'D', 'D', 0.00, 0.00, 0.00, 0.00),
	('102030106', '124106', 'Peralatan & Perlengkapan', '1020301', 5, 'D', 'D', 0.00, 0.00, 0.00, 0.00),
	('102030107', '124107', 'Furniture & Fixture', '1020301', 5, 'D', 'D', 0.00, 0.00, 0.00, 0.00),
	('102030108', '124108', 'Komputer Hardware', '1020301', 5, 'D', 'D', 0.00, 0.00, 0.00, 0.00),
	('102030109', '124109', 'Aset Dalam Pelaksanaan', '1020301', 5, 'D', 'D', 0.00, 0.00, 0.00, 0.00),
	('1020302', '1242', 'Akumulasi Penyusutan Aset Tetap', '10203', 4, 'G', 'D', 0.00, 0.00, 0.00, 0.00),
	('102030201', '124202', 'Akumulasi Penyusutan Bangunan', '1020302', 5, 'D', 'D', 0.00, 0.00, 0.00, 0.00),
	('102030202', '124203', 'Akumulasi Penyusutan Prasarana', '1020302', 5, 'D', 'D', 0.00, 0.00, 0.00, 0.00),
	('102030203', '124204', 'Akumulasi Penyusutan Mesin', '1020302', 5, 'D', 'D', 0.00, 0.00, 0.00, 0.00),
	('102030204', '124205', 'Akumulasi Penyusutan Kendaraan Bermotor', '1020302', 5, 'D', 'D', 0.00, 0.00, 0.00, 0.00),
	('102030205', '124206', 'Akumulasi Penyusutan Peralatan & Perlengkapan', '1020302', 5, 'D', 'D', 0.00, 0.00, 0.00, 0.00),
	('102030206', '124207', 'Akumulasi Penyusutan Furniture & Fixture', '1020302', 5, 'D', 'D', 0.00, 0.00, 0.00, 0.00),
	('102030207', '124208', 'Akumulasi Penyusutan Komputer Hardware', '1020302', 5, 'D', 'D', 0.00, 0.00, 0.00, 0.00),
	('10204', '125', 'Aset Nirwujud', '102', 3, 'G', 'D', 0.00, 0.00, 0.00, 0.00),
	('1020401', '1251', 'Nilai Perolehan Aset Nirwujud', '10204', 4, 'G', 'D', 0.00, 0.00, 0.00, 0.00),
	('102040101', '125101', 'Hak Paten', '1020401', 5, 'D', 'D', 0.00, 0.00, 0.00, 0.00),
	('102040102', '125102', 'Hak Atas Tanah', '1020401', 5, 'D', 'D', 0.00, 0.00, 0.00, 0.00),
	('102040103', '125103', 'Perangkat Lunak Komputer', '1020401', 5, 'D', 'D', 0.00, 0.00, 0.00, 0.00),
	('1020402', '1252', 'Akumulasi Amortisasi Aset Nirwujud', '10204', 4, 'G', 'D', 0.00, 0.00, 0.00, 0.00),
	('102040201', '125201', 'Akumulasi Amortisasi Hak Paten', '1020402', 5, 'D', 'D', 0.00, 0.00, 0.00, 0.00),
	('102040202', '125202', 'Akumulasi Amortisasi Hak Atas Tanah', '1020402', 5, 'D', 'D', 0.00, 0.00, 0.00, 0.00),
	('102040203', '125203', 'Akumulasi Amortisasi Perangkat Lunak Komputer', '1020402', 5, 'D', 'D', 0.00, 0.00, 0.00, 0.00),
	('10205', '127', 'Jaminan Dapat Dikembalikan (Refundable Deposit)', '102', 3, 'D', 'D', 0.00, 0.00, 0.00, 0.00),
	('10206', '128', 'Aset Pajak Tangguhan', '102', 3, 'D', 'D', 0.00, 0.00, 0.00, 0.00),
	('10207', '129', 'Aset Tidak Lancar Lainnya', '102', 3, 'D', 'D', 0.00, 0.00, 0.00, 0.00),
	('2', '2', 'PASIVA', '0', 1, 'G', 'K', 0.00, 0.00, 0.00, 0.00),
	('201', '21', 'LIABILITAS LANCAR', '2', 2, 'G', 'K', 0.00, 0.00, 0.00, 0.00),
	('20101', '211', 'Pinjaman Jangka Pendek', '201', 3, 'G', 'K', 0.00, 0.00, 0.00, 0.00),
	('2010101', '21101', 'Pinjaman Bank', '20101', 4, 'G', 'K', 0.00, 0.00, 0.00, 0.00),
	('201010101', '2110101', 'Pinjaman Bank - BCA', '2010101', 5, 'D', 'K', 0.00, 0.00, 0.00, 0.00),
	('201010102', '2110102', 'Pinjaman Bank - BTN', '2010101', 5, 'D', 'K', 0.00, 0.00, 0.00, 0.00),
	('2010102', '21102', 'Pinjaman Dari Pihak Afiliasi', '20101', 4, 'D', 'K', 0.00, 0.00, 0.00, 0.00),
	('2010103', '21103', 'Pinjaman Dari Pemegang Saham', '20101', 4, 'G', 'K', 0.00, 0.00, 0.00, 0.00),
	('201010301', '211031', 'Pinjaman Dari Pemegang Saham - SR', '2010103', 5, 'D', 'K', 0.00, 0.00, 0.00, 0.00),
	('20102', '212', 'Utang Usaha', '201', 3, 'G', 'K', 0.00, 0.00, 0.00, 0.00),
	('2010201', '2121', 'Utang Usaha Pihak Ketiga', '20102', 4, 'D', 'K', 0.00, 0.00, 0.00, 0.00),
	('2010202', '2122', 'Utang Usaha Pihak Afiliasi', '20102', 4, 'D', 'K', 0.00, 0.00, 0.00, 0.00),
	('20103', '213', 'Utang Lain-lain', '201', 3, 'G', 'K', 0.00, 0.00, 0.00, 0.00),
	('2010301', '2131', 'Utang Lain-lain Pihak Ketiga', '20103', 4, 'G', 'K', 0.00, 0.00, 0.00, 0.00),
	('2010302', '2132', 'Utang Lain-lain Pihak Afiliasi', '20103', 4, 'G', 'K', 0.00, 0.00, 0.00, 0.00),
	('201030201', '213201', 'Utang Kepada Pemegang Saham', '2010302', 5, 'G', 'K', 0.00, 0.00, 0.00, 0.00),
	('20103020101', '21320101', 'Utang Kepada Pemegang Saham - Shahla R', '201030201', 6, 'D', 'K', 0.00, 0.00, 0.00, 0.00),
	('20103020102', '21320102', 'Utang Kepada Pemegang Saham - Lusiana', '201030201', 6, 'D', 'K', 0.00, 0.00, 0.00, 0.00),
	('201030202', '213202', 'Utang Kepada Perusahaan Afiliasi', '2010302', 5, 'G', 'K', 0.00, 0.00, 0.00, 0.00),
	('20103020201', '21320201', 'Utang Kepada PT. TTMS', '201030202', 6, 'D', 'K', 0.00, 0.00, 0.00, 0.00),
	('20103020202', '21320202', 'Utang Kepada PT. PSI', '201030202', 6, 'D', 'K', 0.00, 0.00, 0.00, 0.00),
	('201030203', '213203', 'Utang Kepada Karyawan', '2010302', 5, 'G', 'K', 0.00, 0.00, 0.00, 0.00),
	('20103020301', '21320301', 'Utang Lainnya ke Pegawai - Kurang Advance', '201030203', 6, 'D', 'K', 0.00, 0.00, 0.00, 0.00),
	('201030204', '213299', 'Utang Afiliasi Lainnya', '2010302', 5, 'D', 'K', 0.00, 0.00, 0.00, 0.00),
	('20104', '214', 'Biaya Akan Dibayar (Accrued Expenses)', '201', 3, 'G', 'K', 0.00, 0.00, 0.00, 0.00),
	('2010401', '21401', 'Biaya Karyawan Akan Dibayar', '20104', 4, 'D', 'K', 0.00, 0.00, 0.00, 0.00),
	('2010402', '21402', 'Biaya Utilities Akan Dibayar', '20104', 4, 'D', 'K', 0.00, 0.00, 0.00, 0.00),
	('2010403', '21403', 'Biaya Bunga Akan Dibayar', '20104', 4, 'D', 'K', 0.00, 0.00, 0.00, 0.00),
	('2010404', '21499', 'Biaya Akan Dibayar Lainnya', '20104', 4, 'D', 'K', 0.00, 0.00, 0.00, 0.00),
	('20105', '215', 'Pendapatan Diterima Di Muka', '201', 3, 'G', 'K', 0.00, 0.00, 0.00, 0.00),
	('2010501', '21501', 'Pendapatan Diterima Dimuka - Type. A', '20105', 4, 'G', 'K', 0.00, 0.00, 0.00, 0.00),
	('201050101', '21501001', 'Pendapatan Diterima Dimuka - Type. A - Unit 01', '2010501', 5, 'D', 'K', 0.00, 0.00, 0.00, 0.00),
	('201050102', '21501002', 'Pendapatan Diterima Dimuka - Type. A - Unit 02', '2010501', 5, 'D', 'K', 0.00, 0.00, 0.00, 0.00),
	('201050103', '21501003', 'Pendapatan Diterima Dimuka - Type. A - Unit 03', '2010501', 5, 'D', 'K', 0.00, 0.00, 0.00, 0.00),
	('201050104', '21501004', 'Pendapatan Diterima Dimuka - Type. A - Unit 04', '2010501', 5, 'D', 'K', 0.00, 0.00, 0.00, 0.00),
	('201050105', '21501005', 'Pendapatan Diterima Dimuka - Type. A - Unit 05', '2010501', 5, 'D', 'K', 0.00, 0.00, 0.00, 0.00),
	('201050106', '21501006', 'Pendapatan Diterima Dimuka - Type. A - Unit 06', '2010501', 5, 'D', 'K', 0.00, 0.00, 0.00, 0.00),
	('201050107', '21501007', 'Pendapatan Diterima Dimuka - Type. A - Unit 07', '2010501', 5, 'D', 'K', 0.00, 0.00, 0.00, 0.00),
	('201050108', '21501008', 'Pendapatan Diterima Dimuka - Type. A - Unit 08', '2010501', 5, 'D', 'K', 0.00, 0.00, 0.00, 0.00),
	('201050109', '21501009', 'Pendapatan Diterima Dimuka - Type. A - Unit 09', '2010501', 5, 'D', 'K', 0.00, 0.00, 0.00, 0.00),
	('201050110', '21501010', 'Pendapatan Diterima Dimuka - Type. A - Unit 10', '2010501', 5, 'D', 'K', 0.00, 0.00, 0.00, 0.00),
	('2010502', '21502', 'Pendapatan Diterima Dimuka - Type. B', '20105', 4, 'G', 'K', 0.00, 0.00, 0.00, 0.00),
	('201050201', '21502001', 'Pendapatan Diterima Dimuka - Type. B - Unit 01', '2010502', 5, 'D', 'K', 0.00, 0.00, 0.00, 0.00),
	('2010503', '21503', 'Pendapatan Diterima Dimuka - Type. C', '20105', 4, 'G', 'K', 0.00, 0.00, 0.00, 0.00),
	('201050301', '21503001', 'Pendapatan Diterima Dimuka - Type. C - Unit 01', '2010503', 5, 'D', 'K', 0.00, 0.00, 0.00, 0.00),
	('2010504', '21504', 'Pendapatan Diterima Dimuka - Type. D', '20105', 4, 'G', 'K', 0.00, 0.00, 0.00, 0.00),
	('201050401', '21504001', 'Pendapatan Diterima Dimuka - Type. D - Unit 01', '2010504', 5, 'D', 'K', 0.00, 0.00, 0.00, 0.00),
	('20106', '216', 'Utang Pajak', '201', 3, 'G', 'K', 0.00, 0.00, 0.00, 0.00),
	('2010601', '216101', 'Utang Pajak PPh Psl 21', '20106', 4, 'D', 'K', 0.00, 0.00, 0.00, 0.00),
	('2010602', '216102', 'Utang Pajak PPh Psl 23', '20106', 4, 'D', 'K', 0.00, 0.00, 0.00, 0.00),
	('2010603', '216103', 'Utang Pajak PPh Psl 25', '20106', 4, 'D', 'K', 0.00, 0.00, 0.00, 0.00),
	('2010604', '216105', 'Utang Pajak PPh Psl 29 (PPh Badan)', '20106', 4, 'D', 'K', 0.00, 0.00, 0.00, 0.00),
	('2010605', '216106', 'Utang Pajak PPh Psl 4 Ayat 2 (PPh Final)', '20106', 4, 'D', 'K', 0.00, 0.00, 0.00, 0.00),
	('2010606', '216201', 'PPN - Keluaran', '20106', 4, 'D', 'K', 0.00, 0.00, 0.00, 0.00),
	('2010607', '216901', 'Utang Pajak Lainnya', '20106', 4, 'D', 'K', 0.00, 0.00, 0.00, 0.00),
	('20107', '217', 'Bagian Lancar Liabilitas Jangka Panjang', '201', 3, 'G', 'K', 0.00, 0.00, 0.00, 0.00),
	('2010701', '21701', 'Bagian Lancar Pinjaman Bank Jangka Panjang', '20107', 4, 'G', 'K', 0.00, 0.00, 0.00, 0.00),
	('201070101', '2170101', 'Bagian Lancar Pinjaman Bank Jangka Panjang - BCA', '2010701', 5, 'D', 'K', 0.00, 0.00, 0.00, 0.00),
	('201070102', '2170102', 'Bagian Lancar Pinjaman Bank Jangka Panjang - BTN', '2010701', 5, 'D', 'K', 0.00, 0.00, 0.00, 0.00),
	('2010702', '21702', 'Bagian Lancar Pinjaman Non Bank Jangka Panjang', '20107', 4, 'G', 'K', 0.00, 0.00, 0.00, 0.00),
	('2010703', '21799', 'Bagian Lancar Pinjaman Jangka Panjang Lainnya', '20107', 4, 'G', 'K', 0.00, 0.00, 0.00, 0.00),
	('20108', '219', 'Utang Lancar Lainnya', '201', 3, 'D', 'K', 0.00, 0.00, 0.00, 0.00),
	('202', '22', 'LIABILITAS TIDAK LANCAR', '2', 2, 'G', 'K', 0.00, 0.00, 0.00, 0.00),
	('20201', '221', 'Pinjaman Jangka Panjang', '202', 3, 'G', 'K', 0.00, 0.00, 0.00, 0.00),
	('2020101', '22101', 'Pinjaman Bank Jangka Panjang', '20201', 4, 'G', 'K', 0.00, 0.00, 0.00, 0.00),
	('202010101', '2210101', 'Pinjaman Bank Jangka Panjang - BCA', '2020101', 5, 'D', 'K', 0.00, 0.00, 0.00, 0.00),
	('202010102', '2210102', 'Pinjaman Bank Jangka Panjang - BTN', '2020101', 5, 'D', 'K', 0.00, 0.00, 0.00, 0.00),
	('2020102', '22102', 'Pinjaman Non Bank Jangka Panjang', '20201', 4, 'G', 'K', 0.00, 0.00, 0.00, 0.00),
	('202010201', '2210202', 'Pinjaman Pemegang Saham Jangka Panjang - Shahla Ro', '2020102', 5, 'D', 'K', 0.00, 0.00, 0.00, 0.00),
	('2020103', '22199', 'Pinjaman Jangka Panjang Lainnya', '20201', 4, 'D', 'K', 0.00, 0.00, 0.00, 0.00),
	('20202', '229', 'Utang Tidak Lancar Lainnya', '202', 3, 'D', 'K', 0.00, 0.00, 0.00, 0.00),
	('3', '3', 'EKUITAS', '0', 1, 'G', 'K', 0.00, 0.00, 0.00, 0.00),
	('301', '31', 'Modal Ditempatkan & Disetor', '3', 2, 'G', 'K', 0.00, 0.00, 0.00, 0.00),
	('30101', '3101', 'Modal Ditempatkan & Disetor - Lusiana', '301', 3, 'D', 'K', 0.00, 0.00, 0.00, 0.00),
	('30102', '3102', 'Modal Ditempatkan & Disetor - Shahla Rooswita', '301', 3, 'D', 'K', 0.00, 0.00, 0.00, 0.00),
	('302', '32', 'Uang Muka Setoran Modal', '3', 2, 'D', 'K', 0.00, 0.00, 0.00, 0.00),
	('303', '39', 'Saldo Laba (Rugi)', '3', 2, 'D', 'K', 0.00, 0.00, 0.00, 0.00),
	('30301', '3901', 'Laba Ditahan', '303', 3, 'D', 'K', 0.00, 0.00, 0.00, 0.00),
	('30302', '3909', 'Laba (Rugi) Tahun Berjalan', '303', 3, 'D', 'K', 0.00, 0.00, 0.00, 0.00),
	('904', '94', 'Beban (Manfaat) Pajak Tangguhan', '9', 2, 'D', 'D', 0.00, 0.00, 0.00, 0.00),
	('903', '93', 'Pajak Final Developer', '9', 2, 'D', 'D', 0.00, 0.00, 0.00, 0.00),
	('901', '91', 'Pajak Penghasilan Badan', '9', 2, 'D', 'D', 0.00, 0.00, 0.00, 0.00),
	('9', '9', 'BEBAN (MANFAAT) PAJAK', '0', 1, 'G', 'D', 0.00, 0.00, 0.00, 0.00),
	('80208', '8299', 'Biaya Lainnya', '802', 3, 'D', 'D', 0.00, 0.00, 0.00, 0.00),
	('80207', '8298', 'Rugi Pembulatan', '802', 3, 'D', 'D', 0.00, 0.00, 0.00, 0.00),
	('80206', '8206', 'Rugi Selisih Kurs', '802', 3, 'D', 'D', 0.00, 0.00, 0.00, 0.00),
	('80205', '8205', 'Rugi Penjualan/Penghentian Aset Tetap', '802', 3, 'D', 'D', 0.00, 0.00, 0.00, 0.00),
	('80204', '8204', 'Biaya Pajak Lainnya', '802', 3, 'D', 'D', 0.00, 0.00, 0.00, 0.00),
	('80203', '8203', 'Biaya Bagi Hasil', '802', 3, 'D', 'D', 0.00, 0.00, 0.00, 0.00),
	('80202', '8202', 'Biaya Bunga Pinjaman', '802', 3, 'D', 'D', 0.00, 0.00, 0.00, 0.00),
	('80201', '8201', 'Biaya Administrasi Bank', '802', 3, 'D', 'D', 0.00, 0.00, 0.00, 0.00),
	('802', '82', 'Biaya Lain-lain', '8', 2, 'G', 'D', 0.00, 0.00, 0.00, 0.00),
	('80107', '8199', 'Pendapatan Lainnya', '801', 3, 'D', 'K', 0.00, 0.00, 0.00, 0.00),
	('80106', '8107', 'Laba Selisih Kurs', '801', 3, 'D', 'K', 0.00, 0.00, 0.00, 0.00),
	('80105', '8106', 'Laba Penjualan Aset Tetap', '801', 3, 'D', 'K', 0.00, 0.00, 0.00, 0.00),
	('80104', '8104', 'Pendapatan Dividen', '801', 3, 'D', 'K', 0.00, 0.00, 0.00, 0.00),
	('80103', '8103', 'Pendapatan Bagi Hasil', '801', 3, 'D', 'K', 0.00, 0.00, 0.00, 0.00),
	('80102', '8102', 'Pendapatan Bunga Pinjaman', '801', 3, 'D', 'K', 0.00, 0.00, 0.00, 0.00),
	('80101', '8101', 'Pendapatan Bunga Bank', '801', 3, 'D', 'K', 0.00, 0.00, 0.00, 0.00),
	('801', '81', 'Pendapatan Lain-lain', '8', 2, 'G', 'K', 0.00, 0.00, 0.00, 0.00),
	('8', '8', 'Pendapatan dan Biaya lain-lain', '0', 1, 'G', 'K', 0.00, 0.00, 0.00, 0.00),
	('71903', '79999', '    Biaya Umum & Adm Lainnya', '719', 3, 'D', 'D', 0.00, 0.00, 0.00, 0.00),
	('71902', '79902', '    Entertainment', '719', 3, 'D', 'D', 0.00, 0.00, 0.00, 0.00),
	('71901', '79901', '    Biaya Sumbangan', '719', 3, 'D', 'D', 0.00, 0.00, 0.00, 0.00),
	('719', '799', '  Biaya Lainnya', '7', 2, 'G', 'D', 0.00, 0.00, 0.00, 0.00),
	('7180303', '719303', '      Biaya Amortisasi Perangkat Lunak Komputer', '71803', 4, 'D', 'D', 0.00, 0.00, 0.00, 0.00),
	('7180302', '719302', '      Biaya Amortisasi Hak Atas Tanah', '71803', 4, 'D', 'D', 0.00, 0.00, 0.00, 0.00),
	('7180301', '719301', '      Biaya Amortisasi Hak Paten', '71803', 4, 'D', 'D', 0.00, 0.00, 0.00, 0.00),
	('71803', '7193', '    Biaya Amortisasi Aset Nirwujud', '718', 3, 'G', 'D', 0.00, 0.00, 0.00, 0.00),
	('7180207', '719208', '      Biaya Penyusutan Komputer Hardware', '71802', 4, 'D', 'D', 0.00, 0.00, 0.00, 0.00),
	('7180206', '719207', '      Biaya Penyusutan Furniture & Fixture', '71802', 4, 'D', 'D', 0.00, 0.00, 0.00, 0.00),
	('7180205', '719206', '      Biaya Penyusutan Peralatan & Perlengkapan', '71802', 4, 'D', 'D', 0.00, 0.00, 0.00, 0.00),
	('7180204', '719205', '      Biaya Penyusutan Kendaraan Bermotor', '71802', 4, 'D', 'D', 0.00, 0.00, 0.00, 0.00),
	('7180203', '719204', '      Biaya Penyusutan Mesin', '71802', 4, 'D', 'D', 0.00, 0.00, 0.00, 0.00),
	('7180202', '719203', '      Biaya Penyusutan Prasarana', '71802', 4, 'D', 'D', 0.00, 0.00, 0.00, 0.00),
	('7180201', '719202', '      Biaya Penyusutan Bangunan', '71802', 4, 'D', 'D', 0.00, 0.00, 0.00, 0.00),
	('71802', '7192', '    Biaya Penyusutan Aset Tetap', '718', 3, 'G', 'D', 0.00, 0.00, 0.00, 0.00),
	('718', '719', '  Biaya Penyusutan & Amortisasi', '7', 2, 'G', 'D', 0.00, 0.00, 0.00, 0.00),
	('717', '717', '  Biaya Pajak-pajak', '7', 2, 'D', 'D', 0.00, 0.00, 0.00, 0.00),
	('716', '716', '  Biaya Retribusi & Iuran', '7', 2, 'D', 'D', 0.00, 0.00, 0.00, 0.00),
	('715', '715', '  Biaya Kebutuhan Rumah Tangga', '7', 2, 'D', 'D', 0.00, 0.00, 0.00, 0.00),
	('714', '714', '  Biaya Pengiriman Dokumen', '7', 2, 'D', 'D', 0.00, 0.00, 0.00, 0.00),
	('713', '713', '  Biaya ATK', '7', 2, 'D', 'D', 0.00, 0.00, 0.00, 0.00),
	('712', '712', '  Biaya Percetakan & Photocopy', '7', 2, 'D', 'D', 0.00, 0.00, 0.00, 0.00),
	('71102', '71102', '    Biaya Kebersihan', '711', 3, 'D', 'D', 0.00, 0.00, 0.00, 0.00),
	('71101', '71101', '    Biaya Keamanan', '711', 3, 'D', 'D', 0.00, 0.00, 0.00, 0.00),
	('711', '711', '  Biaya Keamanan & Kebersihan', '7', 2, 'G', 'D', 0.00, 0.00, 0.00, 0.00),
	('71004', '71099', '    Biaya Asuransi Lainnya', '710', 3, 'D', 'D', 0.00, 0.00, 0.00, 0.00),
	('71003', '71003', '    Biaya Asuransi Peralatan', '710', 3, 'D', 'D', 0.00, 0.00, 0.00, 0.00),
	('71002', '71002', '    Biaya Asuransi Kendaraan Bermotor', '710', 3, 'D', 'D', 0.00, 0.00, 0.00, 0.00),
	('71001', '71001', '    Biaya Asuransi Gedung', '710', 3, 'G', 'D', 0.00, 0.00, 0.00, 0.00),
	('710', '710', '  Biaya Asuransi', '7', 2, 'D', 'D', 0.00, 0.00, 0.00, 0.00),
	('709', '709', '  Biaya Perijinan Operasional', '7', 2, 'D', 'D', 0.00, 0.00, 0.00, 0.00),
	('708', '708', '  Biaya Transportasi', '7', 2, 'D', 'D', 0.00, 0.00, 0.00, 0.00),
	('707', '707', '  Biaya Perjalanan Dinas', '7', 2, 'D', 'D', 0.00, 0.00, 0.00, 0.00),
	('706', '706', '  Biaya Perlengkapan', '7', 2, 'D', 'D', 0.00, 0.00, 0.00, 0.00),
	('70506', '70506', '    Solar', '705', 3, 'D', 'D', 0.00, 0.00, 0.00, 0.00),
	('70505', '70505', '    Gas', '705', 3, 'D', 'D', 0.00, 0.00, 0.00, 0.00),
	('70504', '70504', '    Internet', '705', 3, 'D', 'D', 0.00, 0.00, 0.00, 0.00),
	('70503', '70503', '    Air PAM', '705', 3, 'D', 'D', 0.00, 0.00, 0.00, 0.00),
	('70502', '70502', '    Telephone', '705', 3, 'D', 'D', 0.00, 0.00, 0.00, 0.00),
	('70501', '70501', '    Listrik', '705', 3, 'D', 'D', 0.00, 0.00, 0.00, 0.00),
	('705', '705', '  Biaya Utilities', '7', 2, 'G', 'D', 0.00, 0.00, 0.00, 0.00),
	('70404', '70499', '    Biaya Maintenance Lainnya', '704', 3, 'D', 'D', 0.00, 0.00, 0.00, 0.00),
	('70403', '70403', '    Biaya Maintenance Kendaraan', '704', 3, 'D', 'D', 0.00, 0.00, 0.00, 0.00),
	('70402', '70402', '    Biaya Maintenance Peralatan', '704', 3, 'D', 'D', 0.00, 0.00, 0.00, 0.00),
	('70401', '70401', '    Biaya Maintenance Gedung', '704', 3, 'D', 'D', 0.00, 0.00, 0.00, 0.00),
	('704', '704', '  Biaya Maintenance', '7', 2, 'G', 'D', 0.00, 0.00, 0.00, 0.00),
	('70305', '70399', '    Biaya Sewa Lainnya', '703', 3, 'D', 'D', 0.00, 0.00, 0.00, 0.00),
	('70304', '70304', '    Biaya Sewa Peralatan', '703', 3, 'D', 'D', 0.00, 0.00, 0.00, 0.00),
	('70303', '70303', '    Biaya Sewa Kendaraan Bermotor', '703', 3, 'D', 'D', 0.00, 0.00, 0.00, 0.00),
	('70302', '70302', '    Biaya Sewa Tanah', '703', 3, 'D', 'D', 0.00, 0.00, 0.00, 0.00),
	('70301', '70301', '    Biaya Sewa Gedung', '703', 3, 'D', 'D', 0.00, 0.00, 0.00, 0.00),
	('703', '703', '  Biaya Sewa', '7', 2, 'G', 'D', 0.00, 0.00, 0.00, 0.00),
	('70208', '70299', '    Konsultan Lainnya', '702', 3, 'D', 'D', 0.00, 0.00, 0.00, 0.00),
	('70207', '70207', '    System', '702', 3, 'D', 'D', 0.00, 0.00, 0.00, 0.00),
	('70206', '70206', '"    Konsultan Mgt, Finance dan Adviser"', '702', 3, 'D', 'D', 0.00, 0.00, 0.00, 0.00),
	('70205', '70205', '    Business Development', '702', 3, 'D', 'D', 0.00, 0.00, 0.00, 0.00),
	('70204', '70204', '    Law Firm', '702', 3, 'D', 'D', 0.00, 0.00, 0.00, 0.00),
	('70203', '70203', '    Notaris', '702', 3, 'D', 'D', 0.00, 0.00, 0.00, 0.00),
	('70202', '70202', '    Tax', '702', 3, 'D', 'D', 0.00, 0.00, 0.00, 0.00),
	('70201', '70201', '    Auditor', '702', 3, 'D', 'D', 0.00, 0.00, 0.00, 0.00),
	('702', '702', '  Biaya Konsultan', '7', 2, 'G', 'D', 0.00, 0.00, 0.00, 0.00),
	('70107', '70107', '    Imbalan Kerja', '701', 3, 'D', 'D', 0.00, 0.00, 0.00, 0.00),
	('70106', '70106', '    Trainning & Seminar', '701', 3, 'D', 'D', 0.00, 0.00, 0.00, 0.00),
	('70105', '70105', '    Recruitment Karyawan', '701', 3, 'D', 'D', 0.00, 0.00, 0.00, 0.00),
	('70104', '70104', '    BPJS Keteanagakerjaan', '701', 3, 'D', 'D', 0.00, 0.00, 0.00, 0.00),
	('70103', '70103', '    Komunikasi Karyawan', '701', 3, 'D', 'D', 0.00, 0.00, 0.00, 0.00),
	('7010202', '7010202', '      Asuransi Kesehatan Inpatient', '70102', 4, 'D', 'D', 0.00, 0.00, 0.00, 0.00),
	('7010201', '7010201', '      Biaya Kesehatan Outpatient', '70102', 4, 'D', 'D', 0.00, 0.00, 0.00, 0.00),
	('70102', '70102', '    Kesehatan Karyawan', '701', 3, 'G', 'D', 0.00, 0.00, 0.00, 0.00),
	('7010102', '7010102', '      PPh Pasal 21 Karyawan', '70101', 4, 'D', 'D', 0.00, 0.00, 0.00, 0.00),
	('7010101', '7010101', '      Gaji Bersih', '70101', 4, 'D', 'D', 0.00, 0.00, 0.00, 0.00),
	('70101', '70101', '    Gaji Kotor', '701', 3, 'G', 'D', 0.00, 0.00, 0.00, 0.00),
	('701', '701', '  Biaya Karyawan Umum & Administrasi', '7', 2, 'G', 'D', 0.00, 0.00, 0.00, 0.00),
	('7', '7', 'BIAYA UMUM & ADMINISTRASI', '0', 1, 'G', 'D', 0.00, 0.00, 0.00, 0.00),
	('60206', '60206', 'Entertainment', '602', 3, 'D', 'D', 0.00, 0.00, 0.00, 0.00),
	('6020203', '6020203', 'Brokerage Fee', '60202', 4, 'D', 'D', 0.00, 0.00, 0.00, 0.00),
	('6020202', '6020202', 'Marketing Agent', '60202', 4, 'D', 'D', 0.00, 0.00, 0.00, 0.00),
	('6020201', '6020201', 'Marketing Fee', '60202', 4, 'D', 'D', 0.00, 0.00, 0.00, 0.00),
	('60202', '60202', 'Fee Marketing', '602', 3, 'G', 'D', 0.00, 0.00, 0.00, 0.00),
	('6020103', '6020103', 'Advertising Designer', '6020101', 4, 'D', 'D', 0.00, 0.00, 0.00, 0.00),
	('6020102', '6020102', '"Advertising, Promotion & Exhibition"', '6020101', 4, 'D', 'D', 0.00, 0.00, 0.00, 0.00),
	('6020101', '6020101', 'Marketing Kit', '6020101', 4, 'D', 'D', 0.00, 0.00, 0.00, 0.00),
	('60201', '60201', 'Promosi', '602', 3, 'G', 'D', 0.00, 0.00, 0.00, 0.00),
	('602', '602', 'Biaya Pemasaran', '6', 2, 'G', 'D', 0.00, 0.00, 0.00, 0.00),
	('6', '6', 'BIAYA PENJUALAN', '0', 1, 'G', 'D', 0.00, 0.00, 0.00, 0.00),
	('504', '54', 'Hadiah', '5', 2, 'D', 'D', 0.00, 0.00, 0.00, 0.00),
	('50319', '5399', 'Biaya Tidak Langsung Lainnya', '503', 3, 'D', 'D', 0.00, 0.00, 0.00, 0.00),
	('50318', '5328', 'Biaya Sumbangan', '503', 3, 'D', 'D', 0.00, 0.00, 0.00, 0.00),
	('503170303', '5317303', 'Biaya Amortisasi Perangkat Lunak Komputer', '5031703', 5, 'D', 'D', 0.00, 0.00, 0.00, 0.00),
	('503170302', '5317302', 'Biaya Amortisasi Hak Atas Tanah', '5031703', 5, 'D', 'D', 0.00, 0.00, 0.00, 0.00),
	('503170301', '5317301', 'Biaya Amortisasi Hak Paten', '5031703', 5, 'D', 'D', 0.00, 0.00, 0.00, 0.00),
	('5031703', '53173', 'Biaya Amortisasi Aset Nirwujud', '50317', 4, 'G', 'D', 0.00, 0.00, 0.00, 0.00),
	('503170207', '5317208', 'Biaya Penyusutan Komputer Hardware', '5031702', 5, 'D', 'D', 0.00, 0.00, 0.00, 0.00),
	('503170206', '5317207', 'Biaya Penyusutan Furniture & Fixture', '5031702', 5, 'D', 'D', 0.00, 0.00, 0.00, 0.00),
	('503170205', '5317206', 'Biaya Penyusutan Peralatan & Perlengkapan', '5031702', 5, 'D', 'D', 0.00, 0.00, 0.00, 0.00),
	('503170204', '5317205', 'Biaya Penyusutan Kendaraan Bermotor', '5031702', 5, 'D', 'D', 0.00, 0.00, 0.00, 0.00),
	('503170203', '5317204', 'Biaya Penyusutan Mesin', '5031702', 5, 'D', 'D', 0.00, 0.00, 0.00, 0.00),
	('503170202', '5317203', 'Biaya Penyusutan Prasarana', '5031702', 5, 'D', 'D', 0.00, 0.00, 0.00, 0.00),
	('503170201', '5317202', 'Biaya Penyusutan Bangunan', '5031702', 5, 'D', 'D', 0.00, 0.00, 0.00, 0.00),
	('5031702', '53172', 'Biaya Penyusutan Aset Tetap', '50317', 4, 'G', 'D', 0.00, 0.00, 0.00, 0.00),
	('50317', '5317', 'Biaya Penyusutan & Amortisasi', '503', 3, 'G', 'D', 0.00, 0.00, 0.00, 0.00),
	('5031604', '531699', 'Biaya Pajak Lainnya', '50316', 4, 'D', 'D', 0.00, 0.00, 0.00, 0.00),
	('5031603', '531603', 'Biaya Pajak PBB', '50316', 4, 'D', 'D', 0.00, 0.00, 0.00, 0.00),
	('5031602', '531602', 'Biaya Pajak PPh Psl 23', '50316', 4, 'D', 'D', 0.00, 0.00, 0.00, 0.00),
	('5031601', '531601', 'Biaya Pajak PPh Psl 21', '50316', 4, 'D', 'D', 0.00, 0.00, 0.00, 0.00),
	('50316', '5316', 'Biaya Pajak-pajak', '503', 3, 'G', 'D', 0.00, 0.00, 0.00, 0.00),
	('50315', '5315', 'Biaya Retribusi & Iuran', '503', 3, 'D', 'D', 0.00, 0.00, 0.00, 0.00),
	('50314', '5314', 'Biaya Kebutuhan Rumah Tangga', '503', 3, 'D', 'D', 0.00, 0.00, 0.00, 0.00),
	('50313', '5313', 'Biaya Pengiriman Dokumen', '503', 3, 'D', 'D', 0.00, 0.00, 0.00, 0.00),
	('50312', '5312', 'Biaya ATK', '503', 3, 'D', 'D', 0.00, 0.00, 0.00, 0.00),
	('50311', '5311', 'Biaya Percetakan & Photocopy', '503', 3, 'D', 'D', 0.00, 0.00, 0.00, 0.00),
	('5031002', '531002', 'Biaya Kebersihan', '50310', 4, 'D', 'D', 0.00, 0.00, 0.00, 0.00),
	('5031001', '531001', 'Biaya Keamanan', '50310', 4, 'D', 'D', 0.00, 0.00, 0.00, 0.00),
	('50310', '5310', 'Biaya Keamanan & Kebersihan', '503', 3, 'G', 'D', 0.00, 0.00, 0.00, 0.00),
	('5030904', '530999', 'Biaya Asuransi Lainnya', '50309', 4, 'D', 'D', 0.00, 0.00, 0.00, 0.00),
	('5030903', '530903', 'Biaya Asuransi Peralatan', '50309', 4, 'D', 'D', 0.00, 0.00, 0.00, 0.00),
	('5030902', '530902', 'Biaya Asuransi Kendaraan Bermotor', '50309', 4, 'D', 'D', 0.00, 0.00, 0.00, 0.00),
	('5030901', '530901', 'Biaya Asuransi Gedung', '50309', 4, 'D', 'D', 0.00, 0.00, 0.00, 0.00),
	('50309', '5309', 'Biaya Asuransi', '503', 3, 'G', 'D', 0.00, 0.00, 0.00, 0.00),
	('50308', '5308', 'Biaya Perijinan Operasional', '503', 3, 'D', 'D', 0.00, 0.00, 0.00, 0.00),
	('50307', '5307', 'Biaya Transportasi', '503', 3, 'D', 'D', 0.00, 0.00, 0.00, 0.00),
	('50306', '5306', 'Biaya Perjalanan Dinas', '503', 3, 'D', 'D', 0.00, 0.00, 0.00, 0.00),
	('50305', '5305', 'Biaya Perlengkapan', '503', 3, 'D', 'D', 0.00, 0.00, 0.00, 0.00),
	('5030406', '530406', 'Other (Solar / TV Cable)', '50304', 4, 'D', 'D', 0.00, 0.00, 0.00, 0.00),
	('5030405', '530405', 'Gas', '50304', 4, 'D', 'D', 0.00, 0.00, 0.00, 0.00),
	('5030404', '530404', 'Internet', '50304', 4, 'D', 'D', 0.00, 0.00, 0.00, 0.00),
	('5030403', '530403', 'Air PAM', '50304', 4, 'D', 'D', 0.00, 0.00, 0.00, 0.00),
	('5030402', '530402', 'Telephone', '50304', 4, 'D', 'D', 0.00, 0.00, 0.00, 0.00),
	('5030401', '530401', 'Listrik', '50304', 4, 'D', 'D', 0.00, 0.00, 0.00, 0.00),
	('50304', '5304', 'Biaya Utilities', '503', 3, 'G', 'D', 0.00, 0.00, 0.00, 0.00),
	('5030304', '530399', 'Biaya Maintenance Lainnya', '50303', 4, 'D', 'D', 0.00, 0.00, 0.00, 0.00),
	('5030303', '530303', 'Biaya Maintenance Kendaraan', '50303', 4, 'D', 'D', 0.00, 0.00, 0.00, 0.00),
	('5030302', '530302', 'Biaya Maintenance Peralatan', '50303', 4, 'D', 'D', 0.00, 0.00, 0.00, 0.00),
	('5030301', '530301', 'Biaya Maintenance Gedung', '50303', 4, 'D', 'D', 0.00, 0.00, 0.00, 0.00),
	('50303', '5303', 'Biaya Maintenance', '503', 3, 'G', 'D', 0.00, 0.00, 0.00, 0.00),
	('5030205', '530299', 'Biaya Sewa Lainnya', '50302', 4, 'D', 'D', 0.00, 0.00, 0.00, 0.00),
	('5030204', '530204', 'Biaya Sewa Peralatan', '50302', 4, 'D', 'D', 0.00, 0.00, 0.00, 0.00),
	('5030203', '530203', 'Biaya Sewa Kendaraan Bermotor', '50302', 4, 'D', 'D', 0.00, 0.00, 0.00, 0.00),
	('5030202', '530202', 'Biaya Sewa Tanah', '50302', 4, 'D', 'D', 0.00, 0.00, 0.00, 0.00),
	('5030201', '530201', 'Biaya Sewa Gedung', '50302', 4, 'D', 'D', 0.00, 0.00, 0.00, 0.00),
	('50302', '5302', 'Biaya Sewa', '503', 3, 'G', 'D', 0.00, 0.00, 0.00, 0.00),
	('50301', '5301', 'Biaya Konsultan', '503', 3, 'D', 'D', 0.00, 0.00, 0.00, 0.00),
	('503', '53', 'Biaya Tidak Langsung (Overhead)', '5', 2, 'G', 'D', 0.00, 0.00, 0.00, 0.00),
	('50207', '5207', 'Imbalan Kerja', '502', 3, 'D', 'D', 0.00, 0.00, 0.00, 0.00),
	('50206', '5206', 'Trainning & Seminar', '502', 3, 'D', 'D', 0.00, 0.00, 0.00, 0.00),
	('50205', '5205', 'Recruitment Karyawan', '502', 3, 'D', 'D', 0.00, 0.00, 0.00, 0.00),
	('50204', '5204', 'BPJS Ketenagakerjaan', '502', 3, 'D', 'D', 0.00, 0.00, 0.00, 0.00),
	('50203', '5203', 'Komunikasi Karyawan', '502', 3, 'D', 'D', 0.00, 0.00, 0.00, 0.00),
	('5020202', '520202', 'Asuransi Kesehatan Inpatient', '50202', 4, 'D', 'D', 0.00, 0.00, 0.00, 0.00),
	('5020201', '520201', 'Biaya Kesehatan Outpatient', '50202', 4, 'D', 'D', 0.00, 0.00, 0.00, 0.00),
	('50202', '5202', 'Kesehatan Karyawan', '502', 3, 'G', 'D', 0.00, 0.00, 0.00, 0.00),
	('5020102', '520102', 'PPh Pasal 21 Karyawan', '50201', 4, 'D', 'D', 0.00, 0.00, 0.00, 0.00),
	('5020101', '520101', 'Gaji Bersih', '50201', 4, 'D', 'D', 0.00, 0.00, 0.00, 0.00),
	('50201', '5201', 'Gaji Kotor', '502', 3, 'G', 'D', 0.00, 0.00, 0.00, 0.00),
	('502', '52', 'Biaya Langsung Karyawan', '5', 2, 'G', 'D', 0.00, 0.00, 0.00, 0.00),
	('501010406', '5110406', 'Notaris', '5010104', 5, 'D', 'D', 0.00, 0.00, 0.00, 0.00),
	('501010405', '5110405', 'MK', '5010104', 5, 'D', 'D', 0.00, 0.00, 0.00, 0.00),
	('501010404', '5110404', 'QS', '5010104', 5, 'D', 'D', 0.00, 0.00, 0.00, 0.00),
	('501010403', '5110403', '"Mekanikal, Elektrikal & Plumbing"', '5010104', 5, 'D', 'D', 0.00, 0.00, 0.00, 0.00),
	('501010402', '5110402', 'Civil / Struktur', '5010104', 5, 'D', 'D', 0.00, 0.00, 0.00, 0.00),
	('501010401', '5110401', 'Arsitek', '5010104', 5, 'D', 'D', 0.00, 0.00, 0.00, 0.00),
	('5010104', '51104', 'Konsultan Developer', '50101', 4, 'G', 'D', 0.00, 0.00, 0.00, 0.00),
	('501010308', '5110308', 'Turap Kali', '5010103', 5, 'D', 'D', 0.00, 0.00, 0.00, 0.00),
	('501010307', '5110307', 'Pagar Lingkungan', '5010103', 5, 'D', 'D', 0.00, 0.00, 0.00, 0.00),
	('501010306', '5110306', 'Fasum & Fasos', '5010103', 5, 'D', 'D', 0.00, 0.00, 0.00, 0.00),
	('501010305', '5110305', 'Taman', '5010103', 5, 'D', 'D', 0.00, 0.00, 0.00, 0.00),
	('501010304', '5110304', 'Saluran', '5010103', 5, 'D', 'D', 0.00, 0.00, 0.00, 0.00),
	('501010303', '5110303', 'Jalan', '5010103', 5, 'D', 'D', 0.00, 0.00, 0.00, 0.00),
	('501010302', '5110302', 'Pematangan Lahan', '5010103', 5, 'D', 'D', 0.00, 0.00, 0.00, 0.00),
	('501010301', '5110301', 'Kantor Gerbang & Pagar Lingkungan', '5010103', 5, 'D', 'D', 0.00, 0.00, 0.00, 0.00),
	('5010103', '51103', 'Biaya  Sarana dan Prasarana', '50101', 4, 'G', 'D', 0.00, 0.00, 0.00, 0.00),
	('501010203', '5110203', 'Biaya Sumur Pantek + Perlengkapan per Rumah', '5010102', 5, 'D', 'D', 0.00, 0.00, 0.00, 0.00),
	('501010202', '5110202', 'Biaya Penyambungan Listrik', '5010102', 5, 'D', 'D', 0.00, 0.00, 0.00, 0.00),
	('50101020104', '511020104', 'Type D (type 50/84)', '501010201', 6, 'D', 'D', 0.00, 0.00, 0.00, 0.00),
	('50101020103', '511020103', 'Type C (type 48/90)', '501010201', 6, 'D', 'D', 0.00, 0.00, 0.00, 0.00),
	('50101020102', '511020102', 'Type B (type 43/72)', '501010201', 6, 'D', 'D', 0.00, 0.00, 0.00, 0.00),
	('50101020101', '511020101', 'Type A (type 55/96)', '501010201', 6, 'D', 'D', 0.00, 0.00, 0.00, 0.00),
	('501010201', '5110201', 'Type Rumah', '5010102', 5, 'G', 'D', 0.00, 0.00, 0.00, 0.00),
	('5010102', '51102', 'Biaya Bangunan', '50101', 4, 'G', 'D', 0.00, 0.00, 0.00, 0.00),
	('501010105', '5110199', ' Kelebihan tanah', '5010101', 5, 'D', 'D', 0.00, 0.00, 0.00, 0.00),
	('501010104', '5110104', 'Type D (type 50/84)', '5010101', 5, 'D', 'D', 0.00, 0.00, 0.00, 0.00),
	('501010103', '5110103', 'Type C (type 48/90)', '5010101', 5, 'D', 'D', 0.00, 0.00, 0.00, 0.00),
	('501010102', '5110102', 'Type B (type 43/72)', '5010101', 5, 'D', 'D', 0.00, 0.00, 0.00, 0.00),
	('501010101', '5110101', 'Type A (type 55/96)', '5010101', 5, 'D', 'D', 0.00, 0.00, 0.00, 0.00),
	('5010101', '51101', 'Biaya Tanah Terjual', '50101', 4, 'G', 'D', 0.00, 0.00, 0.00, 0.00),
	('50101', '511', 'Biaya Pengembangan Proyek', '501', 3, 'G', 'D', 0.00, 0.00, 0.00, 0.00),
	('501', '51', 'Biaya Langsung', '5', 2, 'G', 'D', 0.00, 0.00, 0.00, 0.00),
	('5', '5', 'HPP', '0', 1, 'G', 'D', 0.00, 0.00, 0.00, 0.00),
	('40105', '4999', ' Kelebihan tanah', '401', 3, 'D', 'K', 0.00, 0.00, 0.00, 0.00),
	('40104', '4904', 'Type D (type 50/84)', '401', 3, 'D', 'K', 0.00, 0.00, 0.00, 0.00),
	('40103', '4903', 'Type C (type 48/90)', '401', 3, 'D', 'K', 0.00, 0.00, 0.00, 0.00),
	('40102', '4902', 'Type B (type 43/72)', '401', 3, 'D', 'K', 0.00, 0.00, 0.00, 0.00),
	('40101', '4901', 'Type A (type 55/96)', '401', 3, 'D', 'K', 0.00, 0.00, 0.00, 0.00),
	('401', '49', 'Penjualan Unit', '4', 2, 'G', 'K', 0.00, 0.00, 0.00, 0.00),
	('4', '4', 'PENDAPATAN', '0', 1, 'G', 'K', 0.00, 0.00, 0.00, 0.00),
	('20103020302', '20103020302', 'Utang karyawan lainnya', '201030203', 6, 'D', 'K', 0.00, 0.00, 0.00, 0.00);
/*!40000 ALTER TABLE `perkiraan` ENABLE KEYS */;


-- Dumping structure for table tatamasa_live.perkiraan_2
CREATE TABLE IF NOT EXISTS `perkiraan_2` (
  `kode_perk` char(20) NOT NULL default '',
  `kode_alt` char(20) default NULL,
  `nama_perk` char(50) default NULL,
  `kode_induk` char(20) NOT NULL default '',
  `level` tinyint(2) unsigned NOT NULL default '0',
  `type` char(1) NOT NULL default '',
  `dk` char(1) NOT NULL default '',
  `saldo_awal` decimal(17,2) NOT NULL default '0.00',
  `saldo_debet` decimal(15,2) NOT NULL default '0.00',
  `saldo_kredit` decimal(15,2) NOT NULL default '0.00',
  `saldo_akhir` decimal(17,2) NOT NULL default '0.00',
  PRIMARY KEY  (`kode_perk`)
) ENGINE=MyISAM DEFAULT CHARSET=latin1 ROW_FORMAT=FIXED;

-- Dumping data for table tatamasa_live.perkiraan_2: 10 rows
/*!40000 ALTER TABLE `perkiraan_2` DISABLE KEYS */;
REPLACE INTO `perkiraan_2` (`kode_perk`, `kode_alt`, `nama_perk`, `kode_induk`, `level`, `type`, `dk`, `saldo_awal`, `saldo_debet`, `saldo_kredit`, `saldo_akhir`) VALUES
	('1', '1', 'AKTIVA', '0', 1, 'G', 'D', 0.00, 0.00, 0.00, 0.00),
	('2', '2', 'PASIVA', '0', 1, 'G', 'K', 0.00, 0.00, 0.00, 0.00),
	('3', '3', 'MODAL', '0', 1, 'D', 'K', 0.00, 0.00, 0.00, 0.00),
	('4', '4', 'PENDAPATAN', '0', 1, 'D', 'K', 0.00, 0.00, 0.00, 0.00),
	('5', '5', 'BIAYA', '0', 1, 'D', 'D', 0.00, 0.00, 0.00, 0.00),
	('6', '6', 'TAKSIRAN PAJAK PENGHASILAN', '0', 1, 'D', 'D', 0.00, 0.00, 0.00, 0.00),
	('7', '7', ' Rekening Administratif', '0', 1, 'D', 'D', 0.00, 0.00, 0.00, 0.00),
	('8', '8', ' Administratif Kredit', '0', 1, 'D', 'K', 0.00, 0.00, 0.00, 0.00),
	('201', '201', 'Kewajiban', '2', 2, 'D', 'K', 0.00, 0.00, 0.00, 0.00),
	('101', '101', 'Kas', '1', 2, 'D', 'D', 0.00, 0.00, 0.00, 0.00);
/*!40000 ALTER TABLE `perkiraan_2` ENABLE KEYS */;


-- Dumping structure for table tatamasa_live.perkiraan_copy
CREATE TABLE IF NOT EXISTS `perkiraan_copy` (
  `kode_perk` char(20) NOT NULL default '',
  `kode_alt` char(20) default NULL,
  `nama_perk` char(50) default NULL,
  `kode_induk` char(20) NOT NULL default '',
  `level` tinyint(2) unsigned NOT NULL default '0',
  `type` char(1) NOT NULL default '',
  `dk` char(1) NOT NULL default '',
  `saldo_awal` decimal(17,2) NOT NULL default '0.00',
  `saldo_debet` decimal(15,2) NOT NULL default '0.00',
  `saldo_kredit` decimal(15,2) NOT NULL default '0.00',
  `saldo_akhir` decimal(17,2) NOT NULL default '0.00',
  PRIMARY KEY  (`kode_perk`),
  UNIQUE KEY `kode_alt` (`kode_alt`)
) ENGINE=MyISAM DEFAULT CHARSET=latin1 ROW_FORMAT=FIXED;

-- Dumping data for table tatamasa_live.perkiraan_copy: 0 rows
/*!40000 ALTER TABLE `perkiraan_copy` DISABLE KEYS */;
/*!40000 ALTER TABLE `perkiraan_copy` ENABLE KEYS */;


-- Dumping structure for table tatamasa_live.perkiraan_copy2
CREATE TABLE IF NOT EXISTS `perkiraan_copy2` (
  `kode_perk` char(20) NOT NULL default '',
  `kode_alt` char(20) default NULL,
  `nama_perk` char(50) default NULL,
  `kode_induk` char(20) NOT NULL default '',
  `level` tinyint(2) unsigned NOT NULL default '0',
  `type` char(1) NOT NULL default '',
  `dk` char(1) NOT NULL default '',
  `saldo_awal` decimal(17,2) NOT NULL default '0.00',
  `saldo_debet` decimal(15,2) NOT NULL default '0.00',
  `saldo_kredit` decimal(15,2) NOT NULL default '0.00',
  `saldo_akhir` decimal(17,2) NOT NULL default '0.00',
  PRIMARY KEY  (`kode_perk`),
  UNIQUE KEY `kode_alt` (`kode_alt`)
) ENGINE=MyISAM DEFAULT CHARSET=latin1 ROW_FORMAT=FIXED;

-- Dumping data for table tatamasa_live.perkiraan_copy2: 0 rows
/*!40000 ALTER TABLE `perkiraan_copy2` DISABLE KEYS */;
/*!40000 ALTER TABLE `perkiraan_copy2` ENABLE KEYS */;


-- Dumping structure for table tatamasa_live.register
CREATE TABLE IF NOT EXISTS `register` (
  `userid` varchar(50) NOT NULL COMMENT 'userid',
  `name` varchar(50) NOT NULL COMMENT 'name',
  `email` varchar(50) NOT NULL COMMENT 'email',
  `password` varchar(50) NOT NULL COMMENT 'password',
  `address` varchar(500) NOT NULL COMMENT 'address',
  `contact` varchar(50) NOT NULL COMMENT 'contact',
  `message` varchar(500) NOT NULL COMMENT 'Message',
  PRIMARY KEY  (`userid`)
) ENGINE=InnoDB DEFAULT CHARSET=latin1;

-- Dumping data for table tatamasa_live.register: ~3 rows (approximately)
/*!40000 ALTER TABLE `register` DISABLE KEYS */;
REPLACE INTO `register` (`userid`, `name`, `email`, `password`, `address`, `contact`, `message`) VALUES
	('AbhijeetMuneshwar', 'Abhijeet Ashok Muneshwar', 'openingknots@gmail.com', 'ABHIJ33T@1', 'Sphurti Vihar, B wing, Survey no. 16, 4/3, 2nd floor, block no. 4, Ambegaon Pathar, Pune ? 411046.', '9174112881', 'asfaf'),
	('Mohit', 'Abhijeet Ashok Muneshwar', 'openingknots@gmail.com', 'Mohit', 'Sphurti Vihar, B wing, Survey no. 16, 4/3, 2nd floor, block no. 4, Ambegaon Pathar, Pune ? 411046.', '9174112881', 'Hi !!\r\nHello\r\nHow are you ?'),
	('suyash', 'Suyash', 'suyash@gmal.com', 'suyash', 'NITK', '7984561200', 'Hi');
/*!40000 ALTER TABLE `register` ENABLE KEYS */;


-- Dumping structure for table tatamasa_live.seat
CREATE TABLE IF NOT EXISTS `seat` (
  `userid` varchar(50) NOT NULL COMMENT 'userid',
  `number` int(10) NOT NULL COMMENT 'seat number',
  `PNR` varchar(13) NOT NULL COMMENT 'PNR',
  `date` date NOT NULL COMMENT 'date of booking'
) ENGINE=InnoDB DEFAULT CHARSET=latin1;

-- Dumping data for table tatamasa_live.seat: ~2 rows (approximately)
/*!40000 ALTER TABLE `seat` DISABLE KEYS */;
REPLACE INTO `seat` (`userid`, `number`, `PNR`, `date`) VALUES
	('AbhijeetMuneshwar', 2, '2013-05-21-2', '2013-05-21'),
	('Mohit', 5, '2013-05-21-5', '2013-05-21');
/*!40000 ALTER TABLE `seat` ENABLE KEYS */;


-- Dumping structure for table tatamasa_live.sec_level
CREATE TABLE IF NOT EXISTS `sec_level` (
  `level_id` int(5) NOT NULL auto_increment,
  `level_nama` varchar(100) NOT NULL,
  PRIMARY KEY  (`level_id`)
) ENGINE=MyISAM DEFAULT CHARSET=utf8;

-- Dumping data for table tatamasa_live.sec_level: 3 rows
/*!40000 ALTER TABLE `sec_level` DISABLE KEYS */;
REPLACE INTO `sec_level` (`level_id`, `level_nama`) VALUES
	(1, 'Root'),
	(2, 'Administrator'),
	(3, 'Operator');
/*!40000 ALTER TABLE `sec_level` ENABLE KEYS */;


-- Dumping structure for table tatamasa_live.sec_menu
CREATE TABLE IF NOT EXISTS `sec_menu` (
  `menu_id` int(11) NOT NULL auto_increment,
  `menu_nama` varchar(100) NOT NULL,
  `menu_uri` varchar(100) NOT NULL,
  `menu_allowed` varchar(100) NOT NULL,
  `parent` int(11) default '0',
  PRIMARY KEY  (`menu_id`)
) ENGINE=InnoDB DEFAULT CHARSET=utf8;

-- Dumping data for table tatamasa_live.sec_menu: ~61 rows (approximately)
/*!40000 ALTER TABLE `sec_menu` DISABLE KEYS */;
REPLACE INTO `sec_menu` (`menu_id`, `menu_nama`, `menu_uri`, `menu_allowed`, `parent`) VALUES
	(8, 'Konfigurasi', '#', '+1+4+5', 0),
	(9, 'Konf. Group User', 'sec_group_user/home', '+1+4+5', 8),
	(12, 'Konf. Menu Group', 'konfigurasi_menu_status_user/home', '+1+4+5', 8),
	(40, 'Konf. Menu', 'sec_menu_user/home', '+1+4+5', 8),
	(50, 'Konf. User', 'sec_user/home', '+1+4+5', 8),
	(54, 'Master Request', '#', '+2+1+3+4+5', 0),
	(55, 'Karyawan', 'master_karyawan/home', '+1+4+5', 54),
	(56, 'Advance', 'master_advance/home', '+2+1+3+4+5', 54),
	(57, 'Request', 'master_reqpay/home', '+2+1+3+4+5', 54),
	(58, 'Approval Request', '#', '+1+3+4+5', 0),
	(59, 'Advance', 'approval_advance/home', '+1+3+4+5', 58),
	(60, 'Reimbursement', 'master_reimpay/home', '+2+1+3+4+5', 54),
	(61, 'Settlement Adv', 'master_settle_adv/home', '+2+1+3+4+5', 54),
	(62, 'Perkiraan', 'master_perkiraan/home', '+1+4+5', 54),
	(63, 'Transaksi', '#', '+1+4+5', 0),
	(64, 'Perintah Pembyrn Adv', 'jurnal_adv/home', '+1+4+5', 63),
	(65, 'Budget', '#', '+1+4+5', 0),
	(66, 'Perkiraan', '#', '+1+3+4+5', 65),
	(67, 'Cash Flow', '#', '+1+3+4+5', 65),
	(68, 'Inisialisasi', 'budgetc_perk/home', '+1+4+5', 66),
	(69, 'Entri', 'budgeti_perk/home', '+1+3+4+5', 66),
	(70, 'Inisialisasi', 'budgetc_cflow/home', '+1+4+5', 67),
	(71, 'Entry', 'budgeti_cflow/home', '+1+3+4+5', 67),
	(72, 'Cash Flow', 'master_cflow/home', '+1+4+5', 54),
	(73, 'Proyek', 'master_proyek/home', '+1+4+5', 81),
	(74, 'Jenis Advance', 'master_jnsadvance/home', '+1+4+5', 54),
	(75, 'Rumah', 'master_rumah/home', '+1+4+5', 81),
	(76, 'Laporan Request', '#', '+1+3+4+5', 0),
	(77, 'Rekap Adv', 'laporan_rekap_adv/home', '+1+3+4+5', 76),
	(78, 'Supplier', 'master_supplier/home', '+1+4+5', 54),
	(79, 'Request for Payment', 'approval_reqpay/home', '+1+3+4+5', 58),
	(80, 'Akuntansi', 'akuntansi/home', '+1+4+5', 63),
	(81, 'Master AR', '#', '+1+4+5', 0),
	(82, 'Approval AR', '#', '+1+3+4+5', 0),
	(83, 'Approval Proyek', 'approval_proyek/home', '+1+3+4+5', 82),
	(84, 'Transaksi AR', '#', '+1+4+5', 0),
	(85, 'Customer', 'master_customer/home', '+1+4+5', 81),
	(86, 'Booking', 'booking/home', '+1+4+5', 84),
	(87, 'Penjualan', 'penjualan/home', '+1+4+5', 84),
	(88, 'Pembayaran Angsuran', 'pembayaran/home', '+1+4+5', 84),
	(89, 'Reimbursment', 'approval_reimpay/home', '+1+3+4+5', 58),
	(90, 'Settlement Advance', 'approval_settlement/home', '+1+3+4+5', 58),
	(91, 'Laporan AR', '#', '+1+3+4+5', 0),
	(92, 'Jadwal Angsuran', 'laporan_ar/home', '+1+3+4+5', 91),
	(93, 'Laporan Nominatif', 'laporan_nominatif/home', '+1+3+4+5', 91),
	(94, 'Tagihan', 'laporan_tagihan/home', '+1+3+4+5', 91),
	(95, 'Jenis Pembayaran', 'master_jnsbayar/home', '+1+4+5', 54),
	(96, 'Treasury', 'kasir/home', '+1+4+5', 63),
	(97, 'Reccuring', 'accrue_jadwal/home', '+1+4+5', 84),
	(98, 'Posisi Keuangan', 'laporan_neraca_c/home', '+1+3+4+5', 76),
	(99, 'Laba Rugi Komprehensif', 'laporan_laba_rugi/home', '+1+3+4+5', 76),
	(100, 'AJB', 'ajb/home', '+1+4+5', 84),
	(101, 'Konf. Tanggal Sistem', 'tanggal_sys/home', '+1+5', 8),
	(102, 'PO/SPK', 'master_kontrak/home', '+5', 54),
	(103, 'SPK', 'laporan_spk/home', '+5', 76),
	(104, 'Integrasi Jurnal', 'integrasi_jurnal/home', '+5', 8),
	(105, 'Akuntansi AR', 'akuntansi_ar/home', '+5', 84),
	(106, 'Pembayaran Booking', 'kasir_ar/home', '+5', 84),
	(107, 'Layout', '#', '+5', 0),
	(108, 'Sitemap', 'sitemap/home', '+5', 107),
	(109, 'Booking by img', 'booking_seat/home', '+5', 107);
/*!40000 ALTER TABLE `sec_menu` ENABLE KEYS */;


-- Dumping structure for table tatamasa_live.sec_menu_copy
CREATE TABLE IF NOT EXISTS `sec_menu_copy` (
  `menu_id` int(11) NOT NULL auto_increment,
  `menu_nama` varchar(100) NOT NULL,
  `menu_uri` varchar(100) NOT NULL,
  `menu_allowed` varchar(100) NOT NULL,
  `parent` int(11) default '0',
  PRIMARY KEY  (`menu_id`)
) ENGINE=InnoDB DEFAULT CHARSET=utf8 ROW_FORMAT=COMPACT;

-- Dumping data for table tatamasa_live.sec_menu_copy: ~28 rows (approximately)
/*!40000 ALTER TABLE `sec_menu_copy` DISABLE KEYS */;
REPLACE INTO `sec_menu_copy` (`menu_id`, `menu_nama`, `menu_uri`, `menu_allowed`, `parent`) VALUES
	(8, 'Konfigurasi', '#', '+3+2+1', 0),
	(9, 'Konf. Group User', 'sec_group_user/home', '+3+1', 8),
	(12, 'Konf. Menu Group', 'konfigurasi_menu_status_user/home', '+3+2+1', 8),
	(40, 'Konf. Menu', 'sec_menu_user/home', '+3+2+1', 8),
	(50, 'Konf. User', 'sec_user/home', '+3+1', 8),
	(51, 'Konf. Aktivasi', 'sec_aktivasi/home', '+3+1', 8),
	(54, 'Master', '#', '+3+2+1', 0),
	(55, 'Karyawan', 'master_karyawan/home', '+3+2+1', 54),
	(56, 'Advance', 'master_advance/home', '+3+1', 54),
	(57, 'Request', 'master_reqpay/home', '+3+1', 54),
	(58, 'Approval', '#', '+3+1', 0),
	(59, 'Advance', 'approval_advance/home', '+3+1', 58),
	(60, 'Reimbursement', 'master_reimpay/home', '+3+1', 54),
	(61, 'Settlement Adv', 'master_settle_adv/home', '+3+1', 54),
	(62, 'Perkiraan', 'master_perkiraan/home', '+3+1', 54),
	(63, 'Transaksi', '#', '+3+1', 0),
	(64, 'Jurnal Adv', 'jurnal_adv/home', '+3+1', 63),
	(65, 'Budget', '#', '+3+1', 0),
	(66, 'Perkiraan', '#', '+3+1', 65),
	(67, 'Cash Flow', '#', '+3+1', 65),
	(68, 'Inisialisasi', 'budgetc_perk/home', '+3+1', 66),
	(69, 'Entri', 'budgeti_perk/home', '+3+1', 66),
	(70, 'Inisialisasi', 'budgetc_cflow/home', '+3+1', 67),
	(71, 'Entry', 'budgeti_cflow/home', '+3+1', 67),
	(72, 'Cash Flow', 'master_cflow/home', '+3+1', 54),
	(73, 'Proyek', 'master_proyek/home', '+1', 54),
	(74, 'Jenis Advance', 'master_jnsadvance/home', '+1', 54),
	(75, 'Rumah', 'master_rumah/home', '+1', 54);
/*!40000 ALTER TABLE `sec_menu_copy` ENABLE KEYS */;


-- Dumping structure for table tatamasa_live.sec_passwd
CREATE TABLE IF NOT EXISTS `sec_passwd` (
  `userid` tinyint(3) unsigned NOT NULL auto_increment,
  `username` char(20) NOT NULL default '0',
  `id_kyw` char(6) NOT NULL default '0',
  `password` char(40) NOT NULL default '0',
  `status_password` tinyint(2) default '0',
  `tgl_password` date NOT NULL,
  `usergroup` tinyint(1) NOT NULL default '0',
  PRIMARY KEY  (`userid`),
  UNIQUE KEY `USERNAME` (`username`)
) ENGINE=InnoDB DEFAULT CHARSET=latin1;

-- Dumping data for table tatamasa_live.sec_passwd: ~6 rows (approximately)
/*!40000 ALTER TABLE `sec_passwd` DISABLE KEYS */;
REPLACE INTO `sec_passwd` (`userid`, `username`, `id_kyw`, `password`, `status_password`, `tgl_password`, `usergroup`) VALUES
	(17, 'shahla', '000001', 'c2hhaGxh', 0, '1970-01-01', 5),
	(18, 'Dessi', '000005', 'ZGFuaQ==', 0, '1970-01-01', 1),
	(19, 'Rudi H', '000002', 'cnVkaQ==', 0, '1970-01-01', 4),
	(20, 'Andi S', '000018', 'YW5kaQ==', 0, '1970-01-01', 3),
	(21, 'Singgih P', '000013', 'c2luZ2dpaA==', 0, '1970-01-01', 3),
	(22, 'Yulianti', '000007', 'eXVsaQ==', 0, '1970-01-01', 2);
/*!40000 ALTER TABLE `sec_passwd` ENABLE KEYS */;


-- Dumping structure for table tatamasa_live.sec_passwd_copy
CREATE TABLE IF NOT EXISTS `sec_passwd_copy` (
  `userid` tinyint(3) unsigned NOT NULL auto_increment,
  `username` char(20) NOT NULL default '0',
  `userfullname` char(40) default '',
  `password` char(40) NOT NULL default '0',
  `status_password` tinyint(2) default '0',
  `tgl_password` date NOT NULL,
  `usergroup` tinyint(1) NOT NULL default '0',
  PRIMARY KEY  (`userid`),
  UNIQUE KEY `USERNAME` (`username`)
) ENGINE=InnoDB DEFAULT CHARSET=latin1 ROW_FORMAT=COMPACT;

-- Dumping data for table tatamasa_live.sec_passwd_copy: ~15 rows (approximately)
/*!40000 ALTER TABLE `sec_passwd_copy` DISABLE KEYS */;
REPLACE INTO `sec_passwd_copy` (`userid`, `username`, `userfullname`, `password`, `status_password`, `tgl_password`, `usergroup`) VALUES
	(1, 'SUMIATI', 'sumiati putri', 'eWF5YW4=', 0, '1970-01-01', 2),
	(2, 'YEYET', 'yeyet', 'eWV5ZXQ=', 0, '1970-01-01', 1),
	(3, 'ANGGORO', 'fda', 'eWF5YW4=', 0, '1970-01-01', 1),
	(5, 'INA', 'Indonesia', 'eWF5YW4=', 0, '1970-01-01', 1),
	(6, 'angga', 'Angga Saputra', 'YW5nZ2E=', 0, '1970-01-01', 1),
	(7, 'DIDIK', '', 'eWF5YW4=', 1, '2013-09-03', 2),
	(9, 'MRZ', '', 'eWF5YW4=', 0, '1970-01-01', 1),
	(10, 'ETA', '', 'eWF5YW4=', 0, '1970-01-01', 1),
	(11, 'bendot', '', 'eWF5YW4=', 1, '1970-01-01', 1),
	(12, 'nining', 'Nining Purwanti', 'eWF5YW4=', 0, '1970-01-01', 1),
	(13, 'yayan', 'Yayan Dwi Kusuma', 'eWF5YW4=', 0, '1970-01-01', 1),
	(14, 'sarah', 'Sarah Tri', 'c2FyYWg=', 0, '1970-01-01', 2),
	(15, 'kiki', 'Frizky Dwi', 'a2lraQ==', 0, '1970-01-01', 2),
	(16, 'odjol', 'Ramlan Abdul Majid', 'b2Rqb2w=', 0, '1970-01-01', 1),
	(17, 'riska', 'Riska Aprilia', 'cmlza2E=', 0, '1970-01-01', 1);
/*!40000 ALTER TABLE `sec_passwd_copy` ENABLE KEYS */;


-- Dumping structure for table tatamasa_live.sec_usergroup
CREATE TABLE IF NOT EXISTS `sec_usergroup` (
  `usergroup_id` int(3) NOT NULL auto_increment,
  `usergroup_desc` char(25) NOT NULL default '',
  PRIMARY KEY  (`usergroup_id`)
) ENGINE=InnoDB DEFAULT CHARSET=latin1;

-- Dumping data for table tatamasa_live.sec_usergroup: ~5 rows (approximately)
/*!40000 ALTER TABLE `sec_usergroup` DISABLE KEYS */;
REPLACE INTO `sec_usergroup` (`usergroup_id`, `usergroup_desc`) VALUES
	(1, 'Admin'),
	(2, 'Requester'),
	(3, 'Head Department'),
	(4, 'General Manager'),
	(5, 'Keuangan');
/*!40000 ALTER TABLE `sec_usergroup` ENABLE KEYS */;


-- Dumping structure for table tatamasa_live.trans_detail_cflow
CREATE TABLE IF NOT EXISTS `trans_detail_cflow` (
  `id_seq` int(11) NOT NULL auto_increment,
  `tgl_trans` date NOT NULL default '0000-00-00',
  `modul` tinyint(1) NOT NULL default '1' COMMENT '1 =  Jurnal Request, 2 = Jurnal AR',
  `trans_id` char(15) NOT NULL default '',
  `voucher_no` char(15) NOT NULL default '',
  `id_seq_perk` int(11) NOT NULL default '0',
  `kode_jurnal` char(6) NOT NULL default '',
  `master_id` char(20) NOT NULL default '',
  `id_proyek` char(3) NOT NULL default '',
  `id_dept` char(6) NOT NULL default '',
  `kode_cflow` char(20) NOT NULL default '',
  `keterangan` char(150) NOT NULL,
  `saldo_akhir` decimal(15,2) NOT NULL default '0.00',
  `status1` tinyint(1) NOT NULL default '0',
  PRIMARY KEY  (`id_seq`)
) ENGINE=MyISAM DEFAULT CHARSET=latin1 ROW_FORMAT=FIXED;

-- Dumping data for table tatamasa_live.trans_detail_cflow: 0 rows
/*!40000 ALTER TABLE `trans_detail_cflow` DISABLE KEYS */;
/*!40000 ALTER TABLE `trans_detail_cflow` ENABLE KEYS */;


-- Dumping structure for table tatamasa_live.trans_detail_perk
CREATE TABLE IF NOT EXISTS `trans_detail_perk` (
  `id_seq` int(11) NOT NULL auto_increment,
  `tgl_trans` date NOT NULL default '0000-00-00',
  `modul` tinyint(1) NOT NULL default '1' COMMENT '1 =  Jurnal Request, 2 = Jurnal AR',
  `trans_id` char(15) NOT NULL default '',
  `voucher_no` char(15) NOT NULL default '',
  `id_carabayar` int(2) NOT NULL default '5' COMMENT '5 = tunai, 1-4 = non tunai',
  `kode_bayar` char(3) NOT NULL default '',
  `no_cek` char(15) NOT NULL default '',
  `tgl_cek` date NOT NULL default '0000-00-00',
  `kode_jurnal` char(6) NOT NULL default '',
  `master_id` char(20) NOT NULL default '',
  `id_proyek` char(3) NOT NULL default '',
  `id_dept` char(6) NOT NULL default '',
  `kode_perk` char(20) NOT NULL default '',
  `keterangan` char(150) NOT NULL,
  `debet` decimal(15,2) NOT NULL default '0.00',
  `kredit` decimal(15,2) NOT NULL default '0.00',
  `saldo_akhir` decimal(15,2) NOT NULL default '0.00',
  `status1` tinyint(1) NOT NULL default '0',
  PRIMARY KEY  (`id_seq`)
) ENGINE=MyISAM DEFAULT CHARSET=latin1;

-- Dumping data for table tatamasa_live.trans_detail_perk: 8 rows
/*!40000 ALTER TABLE `trans_detail_perk` DISABLE KEYS */;
REPLACE INTO `trans_detail_perk` (`id_seq`, `tgl_trans`, `modul`, `trans_id`, `voucher_no`, `id_carabayar`, `kode_bayar`, `no_cek`, `tgl_cek`, `kode_jurnal`, `master_id`, `id_proyek`, `id_dept`, `kode_perk`, `keterangan`, `debet`, `kredit`, `saldo_akhir`, `status1`) VALUES
	(1, '2016-01-16', 2, 'PA-0000001-0116', 'BK-0000001-0116', 5, '001', 'Cek-001', '2016-01-27', 'BK', 'BG-0000001-0116', '001', '', '101030204', 'Piutang Lainnya', 0.00, 5000000.00, 0.00, 0),
	(2, '2016-01-16', 2, 'PA-0000001-0116', 'BK-0000001-0116', 5, '001', 'Cek-001', '2016-01-27', 'BK', 'BG-0000001-0116', '001', '', '101010201', 'Kas Kecil - keuangan (Yanti)', 5000000.00, 0.00, 0.00, 0),
	(3, '2016-02-02', 2, 'AR-0000001-0216', '', 5, '', '', '0000-00-00', 'AR', 'BG-0000002-0116', '001', '', '101030204', '--Accrue--', 29000000.00, 0.00, 0.00, 0),
	(4, '2016-02-02', 2, 'AR-0000001-0216', '', 5, '', '', '0000-00-00', 'AR', 'BG-0000002-0116', '001', '', '201050101', '--Accrue--', 0.00, 29000000.00, 0.00, 0),
	(5, '2016-02-02', 2, 'AR-0000002-0216', '', 5, '', '', '0000-00-00', 'AR', 'BG-0000003-0116', '001', '', '101030204', '--Accrue--', 17000000.00, 0.00, 0.00, 0),
	(6, '2016-02-02', 2, 'AR-0000002-0216', '', 5, '', '', '0000-00-00', 'AR', 'BG-0000003-0116', '001', '', '201050101', '--Accrue--', 0.00, 17000000.00, 0.00, 0),
	(7, '1970-01-01', 2, 'AR-0000001-0170', 'BK-0000001-0170', 5, '', '', '0000-00-00', 'AR', 'BG-0000001-0116', '001', '', '101030204', 'Piutang Lainnya', 0.00, 32917000.00, 0.00, 0),
	(8, '1970-01-01', 2, 'AR-0000001-0170', 'BK-0000001-0170', 5, '', '', '0000-00-00', 'AR', 'BG-0000001-0116', '001', '', '101010101', 'Kas Besar - Margini', 32917000.00, 0.00, 0.00, 0);
/*!40000 ALTER TABLE `trans_detail_perk` ENABLE KEYS */;


-- Dumping structure for table tatamasa_live.trans_jual
CREATE TABLE IF NOT EXISTS `trans_jual` (
  `trans_id` int(11) NOT NULL auto_increment,
  `master_id` char(15) NOT NULL default '',
  `kode_transaksi` char(15) NOT NULL default '',
  `tgl_trans` date NOT NULL default '0000-00-00',
  `kode_trans` char(3) NOT NULL default '' COMMENT '100 booking, 200 jadwal, 300 pembayaran',
  `jml_trans` decimal(15,2) NOT NULL default '0.00',
  `accr` tinyint(1) NOT NULL default '0',
  `ppn` decimal(15,2) NOT NULL default '0.00',
  `no_faktur` char(20) NOT NULL default '',
  `invoice` char(20) NOT NULL default '0',
  `keterangan` char(200) NOT NULL default '0.00',
  `status_akuntansi` tinyint(1) NOT NULL default '0',
  `status_kasir` tinyint(1) NOT NULL default '0',
  PRIMARY KEY  (`trans_id`)
) ENGINE=InnoDB DEFAULT CHARSET=latin1;

-- Dumping data for table tatamasa_live.trans_jual: ~36 rows (approximately)
/*!40000 ALTER TABLE `trans_jual` DISABLE KEYS */;
REPLACE INTO `trans_jual` (`trans_id`, `master_id`, `kode_transaksi`, `tgl_trans`, `kode_trans`, `jml_trans`, `accr`, `ppn`, `no_faktur`, `invoice`, `keterangan`, `status_akuntansi`, `status_kasir`) VALUES
	(1, 'BG-0000001-0116', '', '2016-01-16', '100', 5000000.00, 0, 40000000.00, '999', '0', '', 1, 1),
	(2, 'BG-0000001-0116', '', '2016-02-01', '200', 32917000.00, 0, 0.00, '', '0', '', 0, 0),
	(3, 'BG-0000001-0116', '', '2016-03-01', '200', 32917000.00, 0, 0.00, '', '0', '', 0, 0),
	(4, 'BG-0000001-0116', '', '2016-04-01', '200', 32917000.00, 0, 0.00, '', '0', '', 0, 0),
	(5, 'BG-0000001-0116', '', '2016-05-01', '200', 32917000.00, 0, 0.00, '', '0', '', 0, 0),
	(6, 'BG-0000001-0116', '', '2016-06-01', '200', 32917000.00, 0, 0.00, '', '0', '', 0, 0),
	(7, 'BG-0000001-0116', '', '2016-07-01', '200', 32917000.00, 0, 0.00, '', '0', '', 0, 0),
	(8, 'BG-0000001-0116', '', '2016-08-01', '200', 32917000.00, 0, 0.00, '', '0', '', 0, 0),
	(9, 'BG-0000001-0116', '', '2016-09-01', '200', 32917000.00, 0, 0.00, '', '0', '', 0, 0),
	(10, 'BG-0000001-0116', '', '2016-10-01', '200', 32917000.00, 0, 0.00, '', '0', '', 0, 0),
	(11, 'BG-0000001-0116', '', '2016-11-01', '200', 32917000.00, 0, 0.00, '', '0', '', 0, 0),
	(12, 'BG-0000001-0116', '', '2017-12-01', '200', 32917000.00, 0, 0.00, '', '0', '', 0, 0),
	(13, 'BG-0000001-0116', '', '2017-01-01', '200', 32913000.00, 0, 0.00, '', '0', '', 0, 0),
	(14, 'BG-0000002-0116', 'TR-0001', '2016-01-17', '100', 10000000.00, 0, 50000000.00, 'Faktur-02', 'INV-0001-0116', '', 0, 0),
	(15, 'BG-0000002-0116', '', '2016-02-02', '200', 29000000.00, 1, 0.00, '', '0', '', 0, 0),
	(16, 'BG-0000002-0116', '', '2016-03-02', '200', 29000000.00, 0, 0.00, '', '0', '', 0, 0),
	(17, 'BG-0000002-0116', '', '2016-04-02', '200', 29000000.00, 0, 0.00, '', '0', '', 0, 0),
	(18, 'BG-0000002-0116', '', '2016-05-02', '200', 29000000.00, 0, 0.00, '', '0', '', 0, 0),
	(19, 'BG-0000002-0116', '', '2016-06-02', '200', 29000000.00, 0, 0.00, '', '0', '', 0, 0),
	(20, 'BG-0000002-0116', '', '2016-07-02', '200', 29000000.00, 0, 0.00, '', '0', '', 0, 0),
	(21, 'BG-0000002-0116', '', '2016-08-02', '200', 29000000.00, 0, 0.00, '', '0', '', 0, 0),
	(22, 'BG-0000002-0116', '', '2016-09-02', '200', 29000000.00, 0, 0.00, '', '0', '', 0, 0),
	(23, 'BG-0000002-0116', '', '2016-10-02', '200', 29000000.00, 0, 0.00, '', '0', '', 0, 0),
	(24, 'BG-0000002-0116', '', '2016-11-02', '200', 29000000.00, 0, 0.00, '', '0', '', 0, 0),
	(25, 'BG-0000003-0116', 'TR-0002', '2016-01-17', '100', 10000000.00, 0, 60000000.00, '-', 'INV-0001-0116', 'Booking Rumah Kamboja', 0, 0),
	(26, 'BG-0000003-0116', '', '2016-02-02', '200', 17000000.00, 1, 0.00, '', '0', '', 0, 0),
	(27, 'BG-0000003-0116', '', '2016-03-02', '200', 17000000.00, 0, 0.00, '', '0', '', 0, 0),
	(28, 'BG-0000003-0116', '', '2016-04-02', '200', 17000000.00, 0, 0.00, '', '0', '', 0, 0),
	(29, 'BG-0000003-0116', '', '2016-05-02', '200', 17000000.00, 0, 0.00, '', '0', '', 0, 0),
	(30, 'BG-0000003-0116', '', '2016-06-02', '200', 17000000.00, 0, 0.00, '', '0', '', 0, 0),
	(31, 'BG-0000003-0116', '', '2016-07-02', '200', 17000000.00, 0, 0.00, '', '0', '', 0, 0),
	(32, 'BG-0000003-0116', '', '2016-08-02', '200', 17000000.00, 0, 0.00, '', '0', '', 0, 0),
	(33, 'BG-0000003-0116', '', '2016-09-02', '200', 17000000.00, 0, 0.00, '', '0', '', 0, 0),
	(34, 'BG-0000003-0116', '', '2016-10-02', '200', 17000000.00, 0, 0.00, '', '0', '', 0, 0),
	(35, 'BG-0000003-0116', '', '2016-11-02', '200', 17000000.00, 0, 0.00, '', '0', '', 0, 0),
	(36, 'BG-0000001-0116', 'TR-0003', '1970-01-01', '300', 32917000.00, 0, 0.00, '', '0', '', 0, 0),
	(37, 'BG-0000001-0216', 'TR-0004', '2016-02-02', '100', 3000000.00, 0, 70000000.00, '001-', '0', 'Booking tanah', 0, 0);
/*!40000 ALTER TABLE `trans_jual` ENABLE KEYS */;


-- Dumping structure for table tatamasa_live.type_advance
CREATE TABLE IF NOT EXISTS `type_advance` (
  `id_account` char(3) NOT NULL,
  `nama_account` char(50) NOT NULL,
  `norek_bank` char(50) NOT NULL,
  `kode_perk` char(50) NOT NULL,
  PRIMARY KEY  (`id_account`)
) ENGINE=InnoDB DEFAULT CHARSET=latin1;

-- Dumping data for table tatamasa_live.type_advance: ~3 rows (approximately)
/*!40000 ALTER TABLE `type_advance` DISABLE KEYS */;
REPLACE INTO `type_advance` (`id_account`, `nama_account`, `norek_bank`, `kode_perk`) VALUES
	('001', 'Uang Muka Pembayaran - Operasional', '327888997', '1010501'),
	('002', 'Uang Muka Dibayar - Proyek Property', '55454546', '1010502'),
	('003', 'Uang Muka Dibayar - Aset Tetap', '4444444444', '1010503');
/*!40000 ALTER TABLE `type_advance` ENABLE KEYS */;


-- Dumping structure for table tatamasa_live.type_bayar
CREATE TABLE IF NOT EXISTS `type_bayar` (
  `kode_bayar` char(3) NOT NULL,
  `nama_kdbayar` char(50) NOT NULL,
  `norek_bank` char(50) NOT NULL,
  `kode_perk` char(50) NOT NULL,
  `jenis` char(2) NOT NULL,
  PRIMARY KEY  (`kode_bayar`)
) ENGINE=InnoDB DEFAULT CHARSET=latin1 ROW_FORMAT=COMPACT;

-- Dumping data for table tatamasa_live.type_bayar: ~10 rows (approximately)
/*!40000 ALTER TABLE `type_bayar` DISABLE KEYS */;
REPLACE INTO `type_bayar` (`kode_bayar`, `nama_kdbayar`, `norek_bank`, `kode_perk`, `jenis`) VALUES
	('001', 'KK FA', '-', '101010201', 'T'),
	('002', 'KK OPR', '-', '101010202', 'T'),
	('003', 'KB MG', '-', '101010101', 'T'),
	('004', 'Mandiri 438', '-', '10101030101', 'NT'),
	('005', 'BTN 293', '-', '10101030201', 'NT'),
	('006', 'BTN 2813', '-', '10101030202', 'NT'),
	('007', 'CIT', '-', '1010105', 'NT'),
	('008', 'DEPOSITO 001', '-', '101010401', 'NT'),
	('009', 'DEPOSITO 002', '-', '101010402', 'NT'),
	('010', 'DEPOSITO 003', '-', '101010403', 'NT');
/*!40000 ALTER TABLE `type_bayar` ENABLE KEYS */;


-- Dumping structure for table tatamasa_live.web_sysid
CREATE TABLE IF NOT EXISTS `web_sysid` (
  `id_sysid` int(11) NOT NULL auto_increment,
  `keyname` char(80) NOT NULL default '',
  `value` char(200) NOT NULL default '',
  PRIMARY KEY  (`id_sysid`)
) ENGINE=InnoDB DEFAULT CHARSET=latin1;

-- Dumping data for table tatamasa_live.web_sysid: ~8 rows (approximately)
/*!40000 ALTER TABLE `web_sysid` DISABLE KEYS */;
REPLACE INTO `web_sysid` (`id_sysid`, `keyname`, `value`) VALUES
	(1, 'web_copyright_year', '2015'),
	(2, 'web_copyright_content', 'Mitra Tekno Madani'),
	(3, 'web_copyright_auth', 'ang'),
	(4, 'web_lembaga_nama1', 'PT. Berkah Graha Mandiri'),
	(5, 'web_lembaga_nama2', ''),
	(6, 'web_lembaga_nama3', ''),
	(7, 'web_aplikasi_nama', ''),
	(8, 'web_tanggal_hari_ini', '2016-02-02');
/*!40000 ALTER TABLE `web_sysid` ENABLE KEYS */;


-- Dumping structure for table tatamasa_live.web_temp
CREATE TABLE IF NOT EXISTS `web_temp` (
  `id` int(3) NOT NULL auto_increment,
  `user_id` int(3) default '0',
  `tanggal` date default '0000-00-00',
  `kode_perk` char(20) default '',
  `kode_alt` char(20) default '',
  `nama_perk` char(55) default '',
  `type` char(1) default '',
  `level` tinyint(1) default '0',
  `kode_induk` char(20) default '',
  `saldo_akhir` decimal(15,2) default '0.00',
  `kode_perk_psv` char(20) default '',
  `kode_alt_psv` char(20) default '',
  `nama_perk_psv` char(55) default '',
  `type_psv` char(1) default '',
  `level_psv` tinyint(1) default '0',
  `kode_induk_psv` char(20) default '',
  `saldo_akhir_psv` decimal(15,2) default '0.00',
  PRIMARY KEY  (`id`)
) ENGINE=MyISAM DEFAULT CHARSET=latin1 ROW_FORMAT=FIXED;

-- Dumping data for table tatamasa_live.web_temp: 2 rows
/*!40000 ALTER TABLE `web_temp` DISABLE KEYS */;
REPLACE INTO `web_temp` (`id`, `user_id`, `tanggal`, `kode_perk`, `kode_alt`, `nama_perk`, `type`, `level`, `kode_induk`, `saldo_akhir`, `kode_perk_psv`, `kode_alt_psv`, `nama_perk_psv`, `type_psv`, `level_psv`, `kode_induk_psv`, `saldo_akhir_psv`) VALUES
	(1, 0, '0000-00-00', '', '', '', '', 0, '', 0.00, '', '', 'Total Modal', '', 0, '', 0.00),
	(2, 0, '0000-00-00', '', '', '', '', 0, '', 0.00, '', '', 'Laba Rugi Berjalan', '', 0, '', 0.00);
/*!40000 ALTER TABLE `web_temp` ENABLE KEYS */;


-- Dumping structure for table tatamasa_live.web_temp_laba_rugi
CREATE TABLE IF NOT EXISTS `web_temp_laba_rugi` (
  `user_id` int(3) default '0',
  `tanggal` date default '0000-00-00',
  `kode_perk` char(20) default '',
  `kode_alt` char(20) default '',
  `nama_perk` char(55) default '',
  `type` char(1) default '',
  `level` tinyint(1) default '0',
  `kode_induk` char(20) default '',
  `saldo_akhir` decimal(15,2) default '0.00',
  `sisi` char(50) default '0.00'
) ENGINE=MyISAM DEFAULT CHARSET=latin1 ROW_FORMAT=FIXED;

-- Dumping data for table tatamasa_live.web_temp_laba_rugi: 0 rows
/*!40000 ALTER TABLE `web_temp_laba_rugi` DISABLE KEYS */;
/*!40000 ALTER TABLE `web_temp_laba_rugi` ENABLE KEYS */;


-- Dumping structure for table tatamasa_live.web_temp_perkiraan
CREATE TABLE IF NOT EXISTS `web_temp_perkiraan` (
  `user_id` int(3) default '0',
  `tanggal` date default '0000-00-00',
  `kode_perk` char(20) default '',
  `kode_alt` char(20) default '',
  `nama_perk` char(55) default '',
  `type` char(1) default '',
  `level` tinyint(1) default '0',
  `kode_induk` char(20) default '',
  `saldo_akhir` decimal(15,2) default '0.00',
  `sisi` char(50) default '0.00'
) ENGINE=MyISAM DEFAULT CHARSET=latin1;

-- Dumping data for table tatamasa_live.web_temp_perkiraan: 390 rows
/*!40000 ALTER TABLE `web_temp_perkiraan` DISABLE KEYS */;
REPLACE INTO `web_temp_perkiraan` (`user_id`, `tanggal`, `kode_perk`, `kode_alt`, `nama_perk`, `type`, `level`, `kode_induk`, `saldo_akhir`, `sisi`) VALUES
	(17, '2015-12-31', '1', '1', 'AKTIVA', 'G', 1, '0', 0.00, 'L'),
	(17, '2015-12-31', '101', '11', 'ASET LANCAR', 'G', 2, '1', 0.00, 'L'),
	(17, '2015-12-31', '10101', '111', 'Kas dan Setara Kas', 'G', 3, '101', 0.00, 'L'),
	(17, '2015-12-31', '1010101', '1111', 'Kas Besar', 'G', 4, '10101', 0.00, 'L'),
	(17, '2015-12-31', '101010101', '111101', 'Kas Besar - Margini', 'D', 5, '1010101', 0.00, 'L'),
	(17, '2015-12-31', '1010102', '1112', 'Kas Kecil', 'G', 4, '10101', 0.00, 'L'),
	(17, '2015-12-31', '101010201', '111201', 'Kas Kecil - keuangan (Yanti)', 'D', 5, '1010102', 0.00, 'L'),
	(17, '2015-12-31', '101010202', '111202', 'Kas Kecil - Operasional Proyek (Dodied)', 'D', 5, '1010102', 0.00, 'L'),
	(17, '2015-12-31', '1010103', '1113', 'Kas di Bank', 'G', 4, '10101', 0.00, 'L'),
	(17, '2015-12-31', '101010301', '111301', 'Kas di Bank - Mandiri', 'G', 5, '1010103', 0.00, 'L'),
	(17, '2015-12-31', '10101030101', '1113011', 'Bank Mandiri (Rek. 438)', 'D', 6, '101010301', 0.00, 'L'),
	(17, '2015-12-31', '101010302', '111302', 'Kas di Bank - BTN', 'G', 5, '1010103', 0.00, 'L'),
	(17, '2015-12-31', '10101030201', '1113021', 'Bank BTN (Rek. 293)', 'D', 6, '101010302', 0.00, 'L'),
	(17, '2015-12-31', '10101030202', '1113022', 'Bank BTN (Rek. 2813)', 'D', 6, '101010302', 0.00, 'L'),
	(17, '2015-12-31', '1010104', '1114', 'Deposito', 'G', 4, '10101', 0.00, 'L'),
	(17, '2015-12-31', '101010401', '11141', 'Deposito - Bank Muamalat', 'D', 5, '1010104', 0.00, 'L'),
	(17, '2015-12-31', '101010402', '11142', 'Deposito - BRI Syariah', 'D', 5, '1010104', 0.00, 'L'),
	(17, '2015-12-31', '101010403', '11143', 'Deposito - Yudha Bhakti', 'D', 5, '1010104', 0.00, 'L'),
	(17, '2015-12-31', '1010105', '1119', 'Kas Dalam Perjalanan', 'D', 4, '10101', 0.00, 'L'),
	(17, '2015-12-31', '10102', '113', 'Piutang Usaha', 'G', 3, '101', 0.00, 'L'),
	(17, '2015-12-31', '1010201', '1131', 'Piutang Usaha Pihak Ketiga', 'G', 4, '10102', 0.00, 'L'),
	(17, '2015-12-31', '1010202', '1132', 'Piutang Usaha Pihak Afiliasi', 'D', 4, '10102', 0.00, 'L'),
	(17, '2015-12-31', '10103', '114', 'Piutang Lain-lain', 'G', 3, '101', 0.00, 'L'),
	(17, '2015-12-31', '1010301', '1141', 'Piutang Lain-lain Pihak Ketiga', 'G', 4, '10103', 0.00, 'L'),
	(17, '2015-12-31', '101030101', '114101', 'Piutang Lain-lain - Teratai R', 'D', 5, '1010301', 0.00, 'L'),
	(17, '2015-12-31', '101030102', '114102', 'Piutang Lain-lain - PT. TTMS', 'D', 5, '1010301', 0.00, 'L'),
	(17, '2015-12-31', '101030103', '114103', 'Piutang Lain-lain - PT. PSI', 'D', 5, '1010301', 0.00, 'L'),
	(17, '2015-12-31', '1010302', '1142', 'Piutang Lain-lain Pihak Afiliasi', 'G', 4, '10103', 0.00, 'L'),
	(17, '2015-12-31', '101030201', '114201', 'Piutang dari Pemegang Saham', 'G', 5, '1010302', 0.00, 'L'),
	(17, '2015-12-31', '10103020101', '11420101', 'Piutang Pemegang Saham - Lusiana', 'D', 6, '101030201', 0.00, 'L'),
	(17, '2015-12-31', '10103020102', '11420102', 'Piutang Pemegang Saham - Shahla Rooswita', 'D', 6, '101030201', 0.00, 'L'),
	(17, '2015-12-31', '101030202', '114202', 'Piutang dari Perusahaan Afiliasi', 'D', 5, '1010302', 0.00, 'L'),
	(17, '2015-12-31', '101030203', '114203', 'Piutang Karyawan', 'G', 5, '1010302', 0.00, 'L'),
	(17, '2015-12-31', '10103020301', '1142031', 'Piutang ke Karyawan', 'D', 6, '101030203', 0.00, 'L'),
	(17, '2015-12-31', '10103020302', '1142032', 'Piutang Karyawan - Kelebihan Advance', 'D', 6, '101030203', 0.00, 'L'),
	(17, '2015-12-31', '101030204', '114298', 'Piutang Lainnya', 'D', 5, '1010302', 0.00, 'L'),
	(17, '2015-12-31', '10104', '115', 'Persediaan', 'G', 3, '101', 0.00, 'L'),
	(17, '2015-12-31', '1010401', '11501', 'Persediaan Jadi Tanah & Bangunan', 'D', 4, '10104', 0.00, 'L'),
	(17, '2015-12-31', '1010402', '11502', 'Tanah Sedang Dikembangkan', 'D', 4, '10104', 0.00, 'L'),
	(17, '2015-12-31', '1010403', '11503', 'Bangunan Sedang Dikembangkan', 'G', 4, '10104', 0.00, 'L'),
	(17, '2015-12-31', '101040301', '1150301', 'BSD - Perijinan & Legal', 'D', 5, '1010403', 0.00, 'L'),
	(17, '2015-12-31', '101040302', '1150302', 'BSD - Konstruksi', 'G', 5, '1010403', 0.00, 'L'),
	(17, '2015-12-31', '10104030201', '115030201', 'Biaya Bangunan', 'G', 6, '101040302', 0.00, 'L'),
	(17, '2015-12-31', '1010403020101', '1150302011', 'Biaya Bangunan - Type A (Type 55/96)', 'D', 7, '10104030201', 0.00, 'L'),
	(17, '2015-12-31', '1010403020102', '1150302012', 'Biaya Bangunan - Type B (Type 43/72)', 'D', 7, '10104030201', 0.00, 'L'),
	(17, '2015-12-31', '1010403020103', '1150302013', 'Biaya Bangunan - Type C (Type 48/90)', 'D', 7, '10104030201', 0.00, 'L'),
	(17, '2015-12-31', '1010403020104', '1150302014', 'Biaya Bangunan - Type D (Type 50/84)', 'D', 7, '10104030201', 0.00, 'L'),
	(17, '2015-12-31', '10104030202', '115030202', 'Biaya Penyambungan Listrik', 'D', 6, '101040302', 0.00, 'L'),
	(17, '2015-12-31', '10104030203', '115030203', 'Biaya Sumur Pantek+perlengkapan Rumah', 'D', 6, '101040302', 0.00, 'L'),
	(17, '2015-12-31', '101040303', '1150306', 'BSD - Sarana & Prasarana', 'G', 5, '1010403', 0.00, 'L'),
	(17, '2015-12-31', '10104030301', '115030601', '"Kantor, Gerbang, Pagar"', 'D', 6, '101040303', 0.00, 'L'),
	(17, '2015-12-31', '10104030302', '115030602', 'Pematangan Lahan', 'D', 6, '101040303', 0.00, 'L'),
	(17, '2015-12-31', '10104030303', '115030603', 'Jalan', 'D', 6, '101040303', 0.00, 'L'),
	(17, '2015-12-31', '10104030304', '115030604', 'Saluran', 'D', 6, '101040303', 0.00, 'L'),
	(17, '2015-12-31', '10104030305', '115030605', 'Taman', 'D', 6, '101040303', 0.00, 'L'),
	(17, '2015-12-31', '10104030306', '115030606', 'Fasum & Fasos', 'D', 6, '101040303', 0.00, 'L'),
	(17, '2015-12-31', '10104030307', '115030607', 'Pagar Lingkungan', 'D', 6, '101040303', 0.00, 'L'),
	(17, '2015-12-31', '10104030308', '115030608', 'Turap Kali', 'D', 6, '101040303', 0.00, 'L'),
	(17, '2015-12-31', '1010404', '11504', 'Tanah Belum Dikembangkan', 'D', 4, '10104', 0.00, 'L'),
	(17, '2015-12-31', '10105', '116', 'Uang Muka Dibayar', 'G', 3, '101', 0.00, 'L'),
	(17, '2015-12-31', '1010501', '11601', 'Uang Muka Dibayar - Operasional', 'D', 4, '10105', 0.00, 'L'),
	(17, '2015-12-31', '1010502', '11602', 'Uang Muka Dibayar - Proyek Property', 'D', 4, '10105', 0.00, 'L'),
	(17, '2015-12-31', '1010503', '11603', 'Uang Muka Dibayar - Aset Tetap', 'D', 4, '10105', 0.00, 'L'),
	(17, '2015-12-31', '1010504', '11604', 'Uang Muka Dibayar - Marketing', 'G', 4, '10105', 0.00, 'L'),
	(17, '2015-12-31', '101050401', '1160401', 'Biaya Marketing Tool Kit', 'D', 5, '1010504', 0.00, 'L'),
	(17, '2015-12-31', '101050402', '1160402', '"Biaya Advertising, Promotion & Exhibition"', 'D', 5, '1010504', 0.00, 'L'),
	(17, '2015-12-31', '101050403', '1160403', 'Biaya Advertising Designer', 'D', 5, '1010504', 0.00, 'L'),
	(17, '2015-12-31', '101050404', '1160404', 'Biaya Komisi / Broker Fee', 'D', 5, '1010504', 0.00, 'L'),
	(17, '2015-12-31', '101050405', '1160405', 'Biaya Entertainment', 'D', 5, '1010504', 0.00, 'L'),
	(17, '2015-12-31', '101050406', '1160406', 'Biaya Promosi Bonus Home Appliance', 'D', 5, '1010504', 0.00, 'L'),
	(17, '2015-12-31', '1010505', '11605', 'Uang Muka Dibayar - Konsumen', 'G', 4, '10105', 0.00, 'L'),
	(17, '2015-12-31', '101050501', '116051', 'Uang Muka Dibayar - Konsumen (Type A)', 'D', 5, '1010505', 0.00, 'L'),
	(17, '2015-12-31', '101050502', '116052', 'Uang Muka Dibayar - Konsumen (Type B)', 'D', 5, '1010505', 0.00, 'L'),
	(17, '2015-12-31', '101050503', '116053', 'Uang Muka Dibayar - Konsumen (Type C)', 'D', 5, '1010505', 0.00, 'L'),
	(17, '2015-12-31', '101050504', '116054', 'Uang Muka Dibayar - Konsumen (Type D)', 'D', 5, '1010505', 0.00, 'L'),
	(17, '2015-12-31', '1010506', '11606', 'Uang Muka Dibayar - Operasional Proyek', 'G', 4, '10105', 0.00, 'L'),
	(17, '2015-12-31', '101050601', '11606001', 'Biaya Karyawan Umum & Administrasi', 'G', 5, '1010506', 0.00, 'L'),
	(17, '2015-12-31', '10105060101', '1160600101', 'Biaya Gaji Karyawan', 'D', 6, '101050601', 0.00, 'L'),
	(17, '2015-12-31', '10105060102', '1160600102', 'Biaya Kesehatan Karyawan', 'D', 6, '101050601', 0.00, 'L'),
	(17, '2015-12-31', '10105060103', '1160600103', 'Biaya Komunikasi Karyawan', 'D', 6, '101050601', 0.00, 'L'),
	(17, '2015-12-31', '10105060104', '1160600104', 'Biaya Recruitment Karyawan', 'D', 6, '101050601', 0.00, 'L'),
	(17, '2015-12-31', '101050602', '11606002', 'Biaya Sewa', 'G', 5, '1010506', 0.00, 'L'),
	(17, '2015-12-31', '10105060201', '1160600201', 'Biaya Sewa Rumah / Gedung', 'D', 6, '101050602', 0.00, 'L'),
	(17, '2015-12-31', '10105060202', '1160600202', 'Biaya Sewa Kendaraan Bermotor', 'D', 6, '101050602', 0.00, 'L'),
	(17, '2015-12-31', '10105060203', '1160600203', 'Biaya Sewa Peralatan', 'D', 6, '101050602', 0.00, 'L'),
	(17, '2015-12-31', '101050603', '11606003', 'Biaya Maintenance', 'G', 5, '1010506', 0.00, 'L'),
	(17, '2015-12-31', '10105060301', '1160600301', 'Biaya Maintenance Gedung', 'D', 6, '101050603', 0.00, 'L'),
	(17, '2015-12-31', '10105060302', '1160600302', 'Biaya Maintenance Peralatan', 'D', 6, '101050603', 0.00, 'L'),
	(17, '2015-12-31', '10105060303', '1160600303', 'Biaya Maintenance Kendaraan', 'D', 6, '101050603', 0.00, 'L'),
	(17, '2015-12-31', '10105060304', '1160600304', 'Biaya Maintenance Lainnya', 'D', 6, '101050603', 0.00, 'L'),
	(17, '2015-12-31', '101050604', '11606004', 'Biaya Utilities', 'G', 5, '1010506', 0.00, 'L'),
	(17, '2015-12-31', '10105060401', '1160600401', 'Biaya Listrik', 'D', 6, '101050604', 0.00, 'L'),
	(17, '2015-12-31', '10105060402', '1160600402', 'Biaya Telepon', 'D', 6, '101050604', 0.00, 'L'),
	(17, '2015-12-31', '10105060403', '1160600403', 'Biaya Air PAM', 'D', 6, '101050604', 0.00, 'L'),
	(17, '2015-12-31', '10105060404', '1160600404', 'Biaya Internet', 'D', 6, '101050604', 0.00, 'L'),
	(17, '2015-12-31', '101050605', '11606005', 'Biaya Perlengkapan', 'D', 6, '1010506', 0.00, 'L'),
	(17, '2015-12-31', '101050606', '11606006', 'Biaya Transportasi', 'D', 6, '1010506', 0.00, 'L'),
	(17, '2015-12-31', '101050607', '11606007', 'Biaya Asuransi', 'G', 6, '1010506', 0.00, 'L'),
	(17, '2015-12-31', '10105060701', '1160600701', 'Biaya Asuransi Bangunan', 'D', 7, '101050607', 0.00, 'L'),
	(17, '2015-12-31', '10105060702', '1160600702', 'Biaya Asuransi Kendaraan Bermotor', 'D', 7, '101050607', 0.00, 'L'),
	(17, '2015-12-31', '101050608', '11606008', 'Biaya Keamanan & Kebersihan', 'G', 6, '1010506', 0.00, 'L'),
	(17, '2015-12-31', '10105060801', '1160600801', 'Biaya Keamanan', 'D', 7, '101050608', 0.00, 'L'),
	(17, '2015-12-31', '10105060802', '1160600802', 'Biaya Kebersihan', 'D', 7, '101050608', 0.00, 'L'),
	(17, '2015-12-31', '101050609', '11606009', 'Biaya Percetakan & Fotocopi', 'D', 6, '1010506', 0.00, 'L'),
	(17, '2015-12-31', '101050610', '11606010', 'Biaya ATK', 'D', 6, '1010506', 0.00, 'L'),
	(17, '2015-12-31', '101050611', '11606011', 'Biaya Pengiriman Dokumen', 'D', 6, '1010506', 0.00, 'L'),
	(17, '2015-12-31', '101050612', '11606012', 'Biaya Kebutuhan Rumah Tangga', 'D', 6, '1010506', 0.00, 'L'),
	(17, '2015-12-31', '101050613', '11606013', 'Biaya Retribusi & Iuran', 'D', 6, '1010506', 0.00, 'L'),
	(17, '2015-12-31', '101050614', '11606014', 'Biaya Penyusutan & Amortisasi', 'G', 6, '1010506', 0.00, 'L'),
	(17, '2015-12-31', '10105061401', '1160601401', 'Biayapenyusutan Aset Tetap', 'G', 7, '101050614', 0.00, 'L'),
	(17, '2015-12-31', '1010506140101', '116060140101', 'Biaya Penyusutan Bangunan', 'D', 8, '10105061401', 0.00, 'L'),
	(17, '2015-12-31', '1010506140102', '116060140102', 'Biaya Penyusutan Prasarana', 'D', 8, '10105061401', 0.00, 'L'),
	(17, '2015-12-31', '1010506140103', '116060140103', 'Biaya Penyusutan Mesin', 'D', 8, '10105061401', 0.00, 'L'),
	(17, '2015-12-31', '1010506140104', '116060140104', 'Biaya Penyusutan Kendaraan Bermotor', 'D', 8, '10105061401', 0.00, 'L'),
	(17, '2015-12-31', '1010506140105', '116060140105', 'Biaya Penyusutan Peralatan & Perlengkapan', 'D', 8, '10105061401', 0.00, 'L'),
	(17, '2015-12-31', '1010506140106', '116060140106', 'Biaya Penyusutan Furniture & Fixture', 'D', 8, '10105061401', 0.00, 'L'),
	(17, '2015-12-31', '1010506140107', '116060140107', 'Biaya Penyusutan Komputer Hardware', 'D', 8, '10105061401', 0.00, 'L'),
	(17, '2015-12-31', '10105061402', '1160601402', 'Biaya Amortisasi Aset Nirwujud', 'G', 7, '101050614', 0.00, 'L'),
	(17, '2015-12-31', '1010506140201', '116060140201', 'Biaya Amortisasi Hak Paten', 'D', 8, '10105061402', 0.00, 'L'),
	(17, '2015-12-31', '1010506140202', '116060140202', 'Biaya Amortisasi Komputer Software', 'D', 8, '10105061402', 0.00, 'L'),
	(17, '2015-12-31', '101050615', '11606015', 'Biaya Konsultan', 'G', 6, '1010506', 0.00, 'L'),
	(17, '2015-12-31', '10105061501', '1160601501', 'Auditor', 'D', 7, '101050615', 0.00, 'L'),
	(17, '2015-12-31', '10105061502', '1160601502', 'Notaris', 'D', 7, '101050615', 0.00, 'L'),
	(17, '2015-12-31', '10105061503', '1160601503', 'Law Firm', 'D', 7, '101050615', 0.00, 'L'),
	(17, '2015-12-31', '10105061504', '1160601504', 'System', 'D', 7, '101050615', 0.00, 'L'),
	(17, '2015-12-31', '10105061505', '1160601505', 'Lainnya', 'D', 7, '101050615', 0.00, 'L'),
	(17, '2015-12-31', '101050616', '11606040', 'Biaya Lainnya', 'G', 6, '1010506', 0.00, 'L'),
	(17, '2015-12-31', '10105061601', '1160604001', 'Biaya Sumbangan', 'D', 7, '101050616', 0.00, 'L'),
	(17, '2015-12-31', '10105061602', '1160604002', 'Biaya Umum & Administrasi Lainnya', 'D', 7, '101050616', 0.00, 'L'),
	(17, '2015-12-31', '10105061603', '1160604003', 'Biaya Administrasi Bank', 'D', 7, '101050616', 0.00, 'L'),
	(17, '2015-12-31', '10105061604', '1160604004', 'Biaya Bunga Pinjaman Bank', 'G', 7, '101050616', 0.00, 'L'),
	(17, '2015-12-31', '1010506160401', '11606040041', 'Biaya Bunga Pinjaman Bank BCA', 'D', 8, '10105061604', 0.00, 'L'),
	(17, '2015-12-31', '1010506160402', '11606040042', 'Biaya Bunga Pinjaman Bank BTN', 'D', 8, '10105061604', 0.00, 'L'),
	(17, '2015-12-31', '10105061605', '1160604005', 'Pendapatan Bunga Bank', 'D', 7, '101050616', 0.00, 'L'),
	(17, '2015-12-31', '10105061606', '1160604006', 'Laba / Rugi Pembulatan', 'D', 7, '101050616', 0.00, 'L'),
	(17, '2015-12-31', '1010507', '11699', 'Uang Muka Dibayar - Lainnya', 'D', 4, '10105', 0.00, 'L'),
	(17, '2015-12-31', '10106', '117', 'Biaya Dibayar Di Muka', 'G', 3, '101', 0.00, 'L'),
	(17, '2015-12-31', '1010601', '11701', 'Sewa Dibayar Di Muka', 'D', 4, '10106', 0.00, 'L'),
	(17, '2015-12-31', '1010602', '11703', 'Asuransi Gedung Dibayar Di Muka', 'D', 4, '10106', 0.00, 'L'),
	(17, '2015-12-31', '1010603', '11704', 'Asuransi Kendaraan Dibayar Di Muka', 'D', 4, '10106', 0.00, 'L'),
	(17, '2015-12-31', '1010604', '11705', 'Asuransi Kesehatan Dibayar Di Muka', 'D', 4, '10106', 0.00, 'L'),
	(17, '2015-12-31', '1010605', '11799', 'Biaya Dibayar Di Muka Lainnya', 'D', 4, '10106', 0.00, 'L'),
	(17, '2015-12-31', '10107', '118', 'Pajak Dibayar Di Muka', 'G', 3, '101', 0.00, 'L'),
	(17, '2015-12-31', '1010701', '11802', 'Pajak Dibayar Di Muka - PPh Psl 23', 'D', 4, '10107', 0.00, 'L'),
	(17, '2015-12-31', '1010702', '11804', 'Pajak Dibayar Di Muka - PPh Psl 25', 'D', 4, '10107', 0.00, 'L'),
	(17, '2015-12-31', '1010703', '11807', 'PPN - Masukan', 'D', 4, '10107', 0.00, 'L'),
	(17, '2015-12-31', '1010704', '11808', 'PBB', 'D', 4, '10107', 0.00, 'L'),
	(17, '2015-12-31', '1010705', '11899', 'Pajak Dibayar Di Muka - Lainnya', 'D', 4, '10107', 0.00, 'L'),
	(17, '2015-12-31', '10108', '119', 'Aset Lancar Lainnya', 'D', 3, '101', 0.00, 'L'),
	(17, '2015-12-31', '102', '12', 'ASET TIDAK LANCAR', 'G', 2, '1', 0.00, 'L'),
	(17, '2015-12-31', '10201', '121', 'Beban Ditangguhkan', 'G', 3, '102', 0.00, 'L'),
	(17, '2015-12-31', '1020101', '12101', 'Sewa Jangka Panjang', 'D', 4, '10201', 0.00, 'L'),
	(17, '2015-12-31', '1020102', '12199', 'Beban Ditangguhkan lainnya', 'G', 4, '10201', 0.00, 'L'),
	(17, '2015-12-31', '102010201', '1219901', 'Beban Ditangguhkan Lainnya - Marketing', 'D', 5, '1020102', 0.00, 'L'),
	(17, '2015-12-31', '102010202', '1219902', 'Beban Ditangguhkan Lainnya - Komisi', 'D', 5, '1020102', 0.00, 'L'),
	(17, '2015-12-31', '10202', '123', 'Property Investasi', 'G', 3, '102', 0.00, 'L'),
	(17, '2015-12-31', '1020201', '1231', 'Nilai Perolehan Property Investasi', 'D', 4, '10202', 0.00, 'L'),
	(17, '2015-12-31', '1020202', '1232', 'Akumulasi Penyusutan & Amortisasi Property Investa', 'D', 4, '10202', 0.00, 'L'),
	(17, '2015-12-31', '10203', '124', 'Aset Tetap', 'G', 3, '102', 0.00, 'L'),
	(17, '2015-12-31', '1020301', '1241', 'Nilai Perolehan Aset Tetap', 'G', 4, '10203', 0.00, 'L'),
	(17, '2015-12-31', '102030101', '124101', 'Tanah', 'D', 5, '1020301', 0.00, 'L'),
	(17, '2015-12-31', '102030102', '124102', 'Bangunan', 'D', 5, '1020301', 0.00, 'L'),
	(17, '2015-12-31', '102030103', '124103', 'Prasarana', 'D', 5, '1020301', 0.00, 'L'),
	(17, '2015-12-31', '102030104', '124104', 'Mesin', 'D', 5, '1020301', 0.00, 'L'),
	(17, '2015-12-31', '102030105', '124105', 'Kendaraan Bermotor', 'D', 5, '1020301', 0.00, 'L'),
	(17, '2015-12-31', '102030106', '124106', 'Peralatan & Perlengkapan', 'D', 5, '1020301', 0.00, 'L'),
	(17, '2015-12-31', '102030107', '124107', 'Furniture & Fixture', 'D', 5, '1020301', 0.00, 'L'),
	(17, '2015-12-31', '102030108', '124108', 'Komputer Hardware', 'D', 5, '1020301', 0.00, 'L'),
	(17, '2015-12-31', '102030109', '124109', 'Aset Dalam Pelaksanaan', 'D', 5, '1020301', 0.00, 'L'),
	(17, '2015-12-31', '1020302', '1242', 'Akumulasi Penyusutan Aset Tetap', 'G', 4, '10203', 0.00, 'L'),
	(17, '2015-12-31', '102030201', '124202', 'Akumulasi Penyusutan Bangunan', 'D', 5, '1020302', 0.00, 'L'),
	(17, '2015-12-31', '102030202', '124203', 'Akumulasi Penyusutan Prasarana', 'D', 5, '1020302', 0.00, 'L'),
	(17, '2015-12-31', '102030203', '124204', 'Akumulasi Penyusutan Mesin', 'D', 5, '1020302', 0.00, 'L'),
	(17, '2015-12-31', '102030204', '124205', 'Akumulasi Penyusutan Kendaraan Bermotor', 'D', 5, '1020302', 0.00, 'L'),
	(17, '2015-12-31', '102030205', '124206', 'Akumulasi Penyusutan Peralatan & Perlengkapan', 'D', 5, '1020302', 0.00, 'L'),
	(17, '2015-12-31', '102030206', '124207', 'Akumulasi Penyusutan Furniture & Fixture', 'D', 5, '1020302', 0.00, 'L'),
	(17, '2015-12-31', '102030207', '124208', 'Akumulasi Penyusutan Komputer Hardware', 'D', 5, '1020302', 0.00, 'L'),
	(17, '2015-12-31', '10204', '125', 'Aset Nirwujud', 'G', 3, '102', 0.00, 'L'),
	(17, '2015-12-31', '1020401', '1251', 'Nilai Perolehan Aset Nirwujud', 'G', 4, '10204', 0.00, 'L'),
	(17, '2015-12-31', '102040101', '125101', 'Hak Paten', 'D', 5, '1020401', 0.00, 'L'),
	(17, '2015-12-31', '102040102', '125102', 'Hak Atas Tanah', 'D', 5, '1020401', 0.00, 'L'),
	(17, '2015-12-31', '102040103', '125103', 'Perangkat Lunak Komputer', 'D', 5, '1020401', 0.00, 'L'),
	(17, '2015-12-31', '1020402', '1252', 'Akumulasi Amortisasi Aset Nirwujud', 'G', 4, '10204', 0.00, 'L'),
	(17, '2015-12-31', '102040201', '125201', 'Akumulasi Amortisasi Hak Paten', 'D', 5, '1020402', 0.00, 'L'),
	(17, '2015-12-31', '102040202', '125202', 'Akumulasi Amortisasi Hak Atas Tanah', 'D', 5, '1020402', 0.00, 'L'),
	(17, '2015-12-31', '102040203', '125203', 'Akumulasi Amortisasi Perangkat Lunak Komputer', 'D', 5, '1020402', 0.00, 'L'),
	(17, '2015-12-31', '10205', '127', 'Jaminan Dapat Dikembalikan (Refundable Deposit)', 'D', 3, '102', 0.00, 'L'),
	(17, '2015-12-31', '10206', '128', 'Aset Pajak Tangguhan', 'D', 3, '102', 0.00, 'L'),
	(17, '2015-12-31', '10207', '129', 'Aset Tidak Lancar Lainnya', 'D', 3, '102', 0.00, 'L'),
	(17, '2015-12-31', '60206', '60206', 'Entertainment', 'D', 3, '602', 0.00, 'L'),
	(17, '2015-12-31', '6020203', '6020203', 'Brokerage Fee', 'D', 4, '60202', 0.00, 'L'),
	(17, '2015-12-31', '6020202', '6020202', 'Marketing Agent', 'D', 4, '60202', 0.00, 'L'),
	(17, '2015-12-31', '6020201', '6020201', 'Marketing Fee', 'D', 4, '60202', 0.00, 'L'),
	(17, '2015-12-31', '60202', '60202', 'Fee Marketing', 'G', 3, '602', 0.00, 'L'),
	(17, '2015-12-31', '6020103', '6020103', 'Advertising Designer', 'D', 4, '6020101', 0.00, 'L'),
	(17, '2015-12-31', '6020102', '6020102', '"Advertising, Promotion & Exhibition"', 'D', 4, '6020101', 0.00, 'L'),
	(17, '2015-12-31', '6020101', '6020101', 'Marketing Kit', 'D', 4, '6020101', 0.00, 'L'),
	(17, '2015-12-31', '60201', '60201', 'Promosi', 'G', 3, '602', 0.00, 'L'),
	(17, '2015-12-31', '602', '602', 'Biaya Pemasaran', 'G', 2, '6', 0.00, 'L'),
	(17, '2015-12-31', '6', '6', 'BIAYA PENJUALAN', 'G', 1, '0', 0.00, 'L'),
	(17, '2015-12-31', '504', '54', 'Hadiah', 'D', 2, '5', 0.00, 'L'),
	(17, '2015-12-31', '50319', '5399', 'Biaya Tidak Langsung Lainnya', 'D', 3, '503', 0.00, 'L'),
	(17, '2015-12-31', '50318', '5328', 'Biaya Sumbangan', 'D', 3, '503', 0.00, 'L'),
	(17, '2015-12-31', '503170303', '5317303', 'Biaya Amortisasi Perangkat Lunak Komputer', 'D', 5, '5031703', 0.00, 'L'),
	(17, '2015-12-31', '503170302', '5317302', 'Biaya Amortisasi Hak Atas Tanah', 'D', 5, '5031703', 0.00, 'L'),
	(17, '2015-12-31', '503170301', '5317301', 'Biaya Amortisasi Hak Paten', 'D', 5, '5031703', 0.00, 'L'),
	(17, '2015-12-31', '5031703', '53173', 'Biaya Amortisasi Aset Nirwujud', 'G', 4, '50317', 0.00, 'L'),
	(17, '2015-12-31', '503170207', '5317208', 'Biaya Penyusutan Komputer Hardware', 'D', 5, '5031702', 0.00, 'L'),
	(17, '2015-12-31', '503170206', '5317207', 'Biaya Penyusutan Furniture & Fixture', 'D', 5, '5031702', 0.00, 'L'),
	(17, '2015-12-31', '503170205', '5317206', 'Biaya Penyusutan Peralatan & Perlengkapan', 'D', 5, '5031702', 0.00, 'L'),
	(17, '2015-12-31', '503170204', '5317205', 'Biaya Penyusutan Kendaraan Bermotor', 'D', 5, '5031702', 0.00, 'L'),
	(17, '2015-12-31', '503170203', '5317204', 'Biaya Penyusutan Mesin', 'D', 5, '5031702', 0.00, 'L'),
	(17, '2015-12-31', '503170202', '5317203', 'Biaya Penyusutan Prasarana', 'D', 5, '5031702', 0.00, 'L'),
	(17, '2015-12-31', '503170201', '5317202', 'Biaya Penyusutan Bangunan', 'D', 5, '5031702', 0.00, 'L'),
	(17, '2015-12-31', '5031702', '53172', 'Biaya Penyusutan Aset Tetap', 'G', 4, '50317', 0.00, 'L'),
	(17, '2015-12-31', '50317', '5317', 'Biaya Penyusutan & Amortisasi', 'G', 3, '503', 0.00, 'L'),
	(17, '2015-12-31', '5031604', '531699', 'Biaya Pajak Lainnya', 'D', 4, '50316', 0.00, 'L'),
	(17, '2015-12-31', '5031603', '531603', 'Biaya Pajak PBB', 'D', 4, '50316', 0.00, 'L'),
	(17, '2015-12-31', '5031602', '531602', 'Biaya Pajak PPh Psl 23', 'D', 4, '50316', 0.00, 'L'),
	(17, '2015-12-31', '5031601', '531601', 'Biaya Pajak PPh Psl 21', 'D', 4, '50316', 0.00, 'L'),
	(17, '2015-12-31', '50316', '5316', 'Biaya Pajak-pajak', 'G', 3, '503', 0.00, 'L'),
	(17, '2015-12-31', '50315', '5315', 'Biaya Retribusi & Iuran', 'D', 3, '503', 0.00, 'L'),
	(17, '2015-12-31', '50314', '5314', 'Biaya Kebutuhan Rumah Tangga', 'D', 3, '503', 0.00, 'L'),
	(17, '2015-12-31', '50313', '5313', 'Biaya Pengiriman Dokumen', 'D', 3, '503', 0.00, 'L'),
	(17, '2015-12-31', '50312', '5312', 'Biaya ATK', 'D', 3, '503', 0.00, 'L'),
	(17, '2015-12-31', '50311', '5311', 'Biaya Percetakan & Photocopy', 'D', 3, '503', 0.00, 'L'),
	(17, '2015-12-31', '5031002', '531002', 'Biaya Kebersihan', 'D', 4, '50310', 0.00, 'L'),
	(17, '2015-12-31', '5031001', '531001', 'Biaya Keamanan', 'D', 4, '50310', 0.00, 'L'),
	(17, '2015-12-31', '50310', '5310', 'Biaya Keamanan & Kebersihan', 'G', 3, '503', 0.00, 'L'),
	(17, '2015-12-31', '5030904', '530999', 'Biaya Asuransi Lainnya', 'D', 4, '50309', 0.00, 'L'),
	(17, '2015-12-31', '5030903', '530903', 'Biaya Asuransi Peralatan', 'D', 4, '50309', 0.00, 'L'),
	(17, '2015-12-31', '5030902', '530902', 'Biaya Asuransi Kendaraan Bermotor', 'D', 4, '50309', 0.00, 'L'),
	(17, '2015-12-31', '5030901', '530901', 'Biaya Asuransi Gedung', 'D', 4, '50309', 0.00, 'L'),
	(17, '2015-12-31', '50309', '5309', 'Biaya Asuransi', 'G', 3, '503', 0.00, 'L'),
	(17, '2015-12-31', '50308', '5308', 'Biaya Perijinan Operasional', 'D', 3, '503', 0.00, 'L'),
	(17, '2015-12-31', '50307', '5307', 'Biaya Transportasi', 'D', 3, '503', 0.00, 'L'),
	(17, '2015-12-31', '50306', '5306', 'Biaya Perjalanan Dinas', 'D', 3, '503', 0.00, 'L'),
	(17, '2015-12-31', '50305', '5305', 'Biaya Perlengkapan', 'D', 3, '503', 0.00, 'L'),
	(17, '2015-12-31', '5030406', '530406', 'Other (Solar / TV Cable)', 'D', 4, '50304', 0.00, 'L'),
	(17, '2015-12-31', '5030405', '530405', 'Gas', 'D', 4, '50304', 0.00, 'L'),
	(17, '2015-12-31', '5030404', '530404', 'Internet', 'D', 4, '50304', 0.00, 'L'),
	(17, '2015-12-31', '5030403', '530403', 'Air PAM', 'D', 4, '50304', 0.00, 'L'),
	(17, '2015-12-31', '5030402', '530402', 'Telephone', 'D', 4, '50304', 0.00, 'L'),
	(17, '2015-12-31', '5030401', '530401', 'Listrik', 'D', 4, '50304', 0.00, 'L'),
	(17, '2015-12-31', '50304', '5304', 'Biaya Utilities', 'G', 3, '503', 0.00, 'L'),
	(17, '2015-12-31', '5030304', '530399', 'Biaya Maintenance Lainnya', 'D', 4, '50303', 0.00, 'L'),
	(17, '2015-12-31', '5030303', '530303', 'Biaya Maintenance Kendaraan', 'D', 4, '50303', 0.00, 'L'),
	(17, '2015-12-31', '5030302', '530302', 'Biaya Maintenance Peralatan', 'D', 4, '50303', 0.00, 'L'),
	(17, '2015-12-31', '5030301', '530301', 'Biaya Maintenance Gedung', 'D', 4, '50303', 0.00, 'L'),
	(17, '2015-12-31', '50303', '5303', 'Biaya Maintenance', 'G', 3, '503', 0.00, 'L'),
	(17, '2015-12-31', '5030205', '530299', 'Biaya Sewa Lainnya', 'D', 4, '50302', 0.00, 'L'),
	(17, '2015-12-31', '5030204', '530204', 'Biaya Sewa Peralatan', 'D', 4, '50302', 0.00, 'L'),
	(17, '2015-12-31', '5030203', '530203', 'Biaya Sewa Kendaraan Bermotor', 'D', 4, '50302', 0.00, 'L'),
	(17, '2015-12-31', '5030202', '530202', 'Biaya Sewa Tanah', 'D', 4, '50302', 0.00, 'L'),
	(17, '2015-12-31', '5030201', '530201', 'Biaya Sewa Gedung', 'D', 4, '50302', 0.00, 'L'),
	(17, '2015-12-31', '50302', '5302', 'Biaya Sewa', 'G', 3, '503', 0.00, 'L'),
	(17, '2015-12-31', '50301', '5301', 'Biaya Konsultan', 'D', 3, '503', 0.00, 'L'),
	(17, '2015-12-31', '503', '53', 'Biaya Tidak Langsung (Overhead)', 'G', 2, '5', 0.00, 'L'),
	(17, '2015-12-31', '50207', '5207', 'Imbalan Kerja', 'D', 3, '502', 0.00, 'L'),
	(17, '2015-12-31', '50206', '5206', 'Trainning & Seminar', 'D', 3, '502', 0.00, 'L'),
	(17, '2015-12-31', '50205', '5205', 'Recruitment Karyawan', 'D', 3, '502', 0.00, 'L'),
	(17, '2015-12-31', '50204', '5204', 'BPJS Ketenagakerjaan', 'D', 3, '502', 0.00, 'L'),
	(17, '2015-12-31', '50203', '5203', 'Komunikasi Karyawan', 'D', 3, '502', 0.00, 'L'),
	(17, '2015-12-31', '5020202', '520202', 'Asuransi Kesehatan Inpatient', 'D', 4, '50202', 0.00, 'L'),
	(17, '2015-12-31', '5020201', '520201', 'Biaya Kesehatan Outpatient', 'D', 4, '50202', 0.00, 'L'),
	(17, '2015-12-31', '50202', '5202', 'Kesehatan Karyawan', 'G', 3, '502', 0.00, 'L'),
	(17, '2015-12-31', '5020102', '520102', 'PPh Pasal 21 Karyawan', 'D', 4, '50201', 0.00, 'L'),
	(17, '2015-12-31', '5020101', '520101', 'Gaji Bersih', 'D', 4, '50201', 0.00, 'L'),
	(17, '2015-12-31', '50201', '5201', 'Gaji Kotor', 'G', 3, '502', 0.00, 'L'),
	(17, '2015-12-31', '502', '52', 'Biaya Langsung Karyawan', 'G', 2, '5', 0.00, 'L'),
	(17, '2015-12-31', '501010406', '5110406', 'Notaris', 'D', 5, '5010104', 0.00, 'L'),
	(17, '2015-12-31', '501010405', '5110405', 'MK', 'D', 5, '5010104', 0.00, 'L'),
	(17, '2015-12-31', '501010404', '5110404', 'QS', 'D', 5, '5010104', 0.00, 'L'),
	(17, '2015-12-31', '501010403', '5110403', '"Mekanikal, Elektrikal & Plumbing"', 'D', 5, '5010104', 0.00, 'L'),
	(17, '2015-12-31', '501010402', '5110402', 'Civil / Struktur', 'D', 5, '5010104', 0.00, 'L'),
	(17, '2015-12-31', '501010401', '5110401', 'Arsitek', 'D', 5, '5010104', 0.00, 'L'),
	(17, '2015-12-31', '5010104', '51104', 'Konsultan Developer', 'G', 4, '50101', 0.00, 'L'),
	(17, '2015-12-31', '501010308', '5110308', 'Turap Kali', 'D', 5, '5010103', 0.00, 'L'),
	(17, '2015-12-31', '501010307', '5110307', 'Pagar Lingkungan', 'D', 5, '5010103', 0.00, 'L'),
	(17, '2015-12-31', '501010306', '5110306', 'Fasum & Fasos', 'D', 5, '5010103', 0.00, 'L'),
	(17, '2015-12-31', '501010305', '5110305', 'Taman', 'D', 5, '5010103', 0.00, 'L'),
	(17, '2015-12-31', '501010304', '5110304', 'Saluran', 'D', 5, '5010103', 0.00, 'L'),
	(17, '2015-12-31', '501010303', '5110303', 'Jalan', 'D', 5, '5010103', 0.00, 'L'),
	(17, '2015-12-31', '501010302', '5110302', 'Pematangan Lahan', 'D', 5, '5010103', 0.00, 'L'),
	(17, '2015-12-31', '501010301', '5110301', 'Kantor Gerbang & Pagar Lingkungan', 'D', 5, '5010103', 0.00, 'L'),
	(17, '2015-12-31', '5010103', '51103', 'Biaya  Sarana dan Prasarana', 'G', 4, '50101', 0.00, 'L'),
	(17, '2015-12-31', '501010203', '5110203', 'Biaya Sumur Pantek + Perlengkapan per Rumah', 'D', 5, '5010102', 0.00, 'L'),
	(17, '2015-12-31', '501010202', '5110202', 'Biaya Penyambungan Listrik', 'D', 5, '5010102', 0.00, 'L'),
	(17, '2015-12-31', '50101020104', '511020104', 'Type D (type 50/84)', 'D', 6, '501010201', 0.00, 'L'),
	(17, '2015-12-31', '50101020103', '511020103', 'Type C (type 48/90)', 'D', 6, '501010201', 0.00, 'L'),
	(17, '2015-12-31', '50101020102', '511020102', 'Type B (type 43/72)', 'D', 6, '501010201', 0.00, 'L'),
	(17, '2015-12-31', '50101020101', '511020101', 'Type A (type 55/96)', 'D', 6, '501010201', 0.00, 'L'),
	(17, '2015-12-31', '501010201', '5110201', 'Type Rumah', 'G', 5, '5010102', 0.00, 'L'),
	(17, '2015-12-31', '5010102', '51102', 'Biaya Bangunan', 'G', 4, '50101', 0.00, 'L'),
	(17, '2015-12-31', '501010105', '5110199', ' Kelebihan tanah', 'D', 5, '5010101', 0.00, 'L'),
	(17, '2015-12-31', '501010104', '5110104', 'Type D (type 50/84)', 'D', 5, '5010101', 0.00, 'L'),
	(17, '2015-12-31', '501010103', '5110103', 'Type C (type 48/90)', 'D', 5, '5010101', 0.00, 'L'),
	(17, '2015-12-31', '501010102', '5110102', 'Type B (type 43/72)', 'D', 5, '5010101', 0.00, 'L'),
	(17, '2015-12-31', '501010101', '5110101', 'Type A (type 55/96)', 'D', 5, '5010101', 0.00, 'L'),
	(17, '2015-12-31', '5010101', '51101', 'Biaya Tanah Terjual', 'G', 4, '50101', 0.00, 'L'),
	(17, '2015-12-31', '50101', '511', 'Biaya Pengembangan Proyek', 'G', 3, '501', 0.00, 'L'),
	(17, '2015-12-31', '501', '51', 'Biaya Langsung', 'G', 2, '5', 0.00, 'L'),
	(17, '2015-12-31', '5', '5', 'HPP', 'G', 1, '0', 0.00, 'L'),
	(17, '2015-12-31', '2', '2', 'PASIVA', 'G', 1, '0', 0.00, 'R'),
	(17, '2015-12-31', '201', '21', 'LIABILITAS LANCAR', 'G', 2, '2', 0.00, 'R'),
	(17, '2015-12-31', '20101', '211', 'Pinjaman Jangka Pendek', 'G', 3, '201', 0.00, 'R'),
	(17, '2015-12-31', '2010101', '21101', 'Pinjaman Bank', 'G', 4, '20101', 0.00, 'R'),
	(17, '2015-12-31', '201010101', '2110101', 'Pinjaman Bank - BCA', 'D', 5, '2010101', 0.00, 'R'),
	(17, '2015-12-31', '201010102', '2110102', 'Pinjaman Bank - BTN', 'D', 5, '2010101', 0.00, 'R'),
	(17, '2015-12-31', '2010102', '21102', 'Pinjaman Dari Pihak Afiliasi', 'D', 4, '20101', 0.00, 'R'),
	(17, '2015-12-31', '2010103', '21103', 'Pinjaman Dari Pemegang Saham', 'G', 4, '20101', 0.00, 'R'),
	(17, '2015-12-31', '201010301', '211031', 'Pinjaman Dari Pemegang Saham - SR', 'D', 5, '2010103', 0.00, 'R'),
	(17, '2015-12-31', '20102', '212', 'Utang Usaha', 'G', 3, '201', 0.00, 'R'),
	(17, '2015-12-31', '2010201', '2121', 'Utang Usaha Pihak Ketiga', 'D', 4, '20102', 0.00, 'R'),
	(17, '2015-12-31', '2010202', '2122', 'Utang Usaha Pihak Afiliasi', 'D', 4, '20102', 0.00, 'R'),
	(17, '2015-12-31', '20103', '213', 'Utang Lain-lain', 'G', 3, '201', 0.00, 'R'),
	(17, '2015-12-31', '2010301', '2131', 'Utang Lain-lain Pihak Ketiga', 'G', 4, '20103', 0.00, 'R'),
	(17, '2015-12-31', '2010302', '2132', 'Utang Lain-lain Pihak Afiliasi', 'G', 4, '20103', 0.00, 'R'),
	(17, '2015-12-31', '201030201', '213201', 'Utang Kepada Pemegang Saham', 'G', 5, '2010302', 0.00, 'R'),
	(17, '2015-12-31', '20103020101', '21320101', 'Utang Kepada Pemegang Saham - Shahla R', 'D', 6, '201030201', 0.00, 'R'),
	(17, '2015-12-31', '20103020102', '21320102', 'Utang Kepada Pemegang Saham - Lusiana', 'D', 6, '201030201', 0.00, 'R'),
	(17, '2015-12-31', '201030202', '213202', 'Utang Kepada Perusahaan Afiliasi', 'G', 5, '2010302', 0.00, 'R'),
	(17, '2015-12-31', '20103020201', '21320201', 'Utang Kepada PT. TTMS', 'D', 6, '201030202', 0.00, 'R'),
	(17, '2015-12-31', '20103020202', '21320202', 'Utang Kepada PT. PSI', 'D', 6, '201030202', 0.00, 'R'),
	(17, '2015-12-31', '201030203', '213203', 'Utang Kepada Karyawan', 'G', 5, '2010302', 0.00, 'R'),
	(17, '2015-12-31', '20103020301', '21320301', 'Utang Lainnya ke Pegawai - Kurang Advance', 'D', 6, '201030203', 0.00, 'R'),
	(17, '2015-12-31', '201030204', '213299', 'Utang Afiliasi Lainnya', 'D', 5, '2010302', 0.00, 'R'),
	(17, '2015-12-31', '20104', '214', 'Biaya Akan Dibayar (Accrued Expenses)', 'G', 3, '201', 0.00, 'R'),
	(17, '2015-12-31', '2010401', '21401', 'Biaya Karyawan Akan Dibayar', 'D', 4, '20104', 0.00, 'R'),
	(17, '2015-12-31', '2010402', '21402', 'Biaya Utilities Akan Dibayar', 'D', 4, '20104', 0.00, 'R'),
	(17, '2015-12-31', '2010403', '21403', 'Biaya Bunga Akan Dibayar', 'D', 4, '20104', 0.00, 'R'),
	(17, '2015-12-31', '2010404', '21499', 'Biaya Akan Dibayar Lainnya', 'D', 4, '20104', 0.00, 'R'),
	(17, '2015-12-31', '20105', '215', 'Pendapatan Diterima Di Muka', 'G', 3, '201', 0.00, 'R'),
	(17, '2015-12-31', '2010501', '21501', 'Pendapatan Diterima Dimuka - Type. A', 'G', 4, '20105', 0.00, 'R'),
	(17, '2015-12-31', '201050101', '21501001', 'Pendapatan Diterima Dimuka - Type. A - Unit 01', 'D', 5, '2010501', 0.00, 'R'),
	(17, '2015-12-31', '201050102', '21501002', 'Pendapatan Diterima Dimuka - Type. A - Unit 02', 'D', 5, '2010501', 0.00, 'R'),
	(17, '2015-12-31', '201050103', '21501003', 'Pendapatan Diterima Dimuka - Type. A - Unit 03', 'D', 5, '2010501', 0.00, 'R'),
	(17, '2015-12-31', '201050104', '21501004', 'Pendapatan Diterima Dimuka - Type. A - Unit 04', 'D', 5, '2010501', 0.00, 'R'),
	(17, '2015-12-31', '201050105', '21501005', 'Pendapatan Diterima Dimuka - Type. A - Unit 05', 'D', 5, '2010501', 0.00, 'R'),
	(17, '2015-12-31', '201050106', '21501006', 'Pendapatan Diterima Dimuka - Type. A - Unit 06', 'D', 5, '2010501', 0.00, 'R'),
	(17, '2015-12-31', '201050107', '21501007', 'Pendapatan Diterima Dimuka - Type. A - Unit 07', 'D', 5, '2010501', 0.00, 'R'),
	(17, '2015-12-31', '201050108', '21501008', 'Pendapatan Diterima Dimuka - Type. A - Unit 08', 'D', 5, '2010501', 0.00, 'R'),
	(17, '2015-12-31', '201050109', '21501009', 'Pendapatan Diterima Dimuka - Type. A - Unit 09', 'D', 5, '2010501', 0.00, 'R'),
	(17, '2015-12-31', '201050110', '21501010', 'Pendapatan Diterima Dimuka - Type. A - Unit 10', 'D', 5, '2010501', 0.00, 'R'),
	(17, '2015-12-31', '2010502', '21502', 'Pendapatan Diterima Dimuka - Type. B', 'G', 4, '20105', 0.00, 'R'),
	(17, '2015-12-31', '201050201', '21502001', 'Pendapatan Diterima Dimuka - Type. B - Unit 01', 'D', 5, '2010502', 0.00, 'R'),
	(17, '2015-12-31', '2010503', '21503', 'Pendapatan Diterima Dimuka - Type. C', 'G', 4, '20105', 0.00, 'R'),
	(17, '2015-12-31', '201050301', '21503001', 'Pendapatan Diterima Dimuka - Type. C - Unit 01', 'D', 5, '2010503', 0.00, 'R'),
	(17, '2015-12-31', '2010504', '21504', 'Pendapatan Diterima Dimuka - Type. D', 'G', 4, '20105', 0.00, 'R'),
	(17, '2015-12-31', '201050401', '21504001', 'Pendapatan Diterima Dimuka - Type. D - Unit 01', 'D', 5, '2010504', 0.00, 'R'),
	(17, '2015-12-31', '20106', '216', 'Utang Pajak', 'G', 3, '201', 0.00, 'R'),
	(17, '2015-12-31', '2010601', '216101', 'Utang Pajak PPh Psl 21', 'D', 4, '20106', 0.00, 'R'),
	(17, '2015-12-31', '2010602', '216102', 'Utang Pajak PPh Psl 23', 'D', 4, '20106', 0.00, 'R'),
	(17, '2015-12-31', '2010603', '216103', 'Utang Pajak PPh Psl 25', 'D', 4, '20106', 0.00, 'R'),
	(17, '2015-12-31', '2010604', '216105', 'Utang Pajak PPh Psl 29 (PPh Badan)', 'D', 4, '20106', 0.00, 'R'),
	(17, '2015-12-31', '2010605', '216106', 'Utang Pajak PPh Psl 4 Ayat 2 (PPh Final)', 'D', 4, '20106', 0.00, 'R'),
	(17, '2015-12-31', '2010606', '216201', 'PPN - Keluaran', 'D', 4, '20106', 0.00, 'R'),
	(17, '2015-12-31', '2010607', '216901', 'Utang Pajak Lainnya', 'D', 4, '20106', 0.00, 'R'),
	(17, '2015-12-31', '20107', '217', 'Bagian Lancar Liabilitas Jangka Panjang', 'G', 3, '201', 0.00, 'R'),
	(17, '2015-12-31', '2010701', '21701', 'Bagian Lancar Pinjaman Bank Jangka Panjang', 'G', 4, '20107', 0.00, 'R'),
	(17, '2015-12-31', '201070101', '2170101', 'Bagian Lancar Pinjaman Bank Jangka Panjang - BCA', 'D', 5, '2010701', 0.00, 'R'),
	(17, '2015-12-31', '201070102', '2170102', 'Bagian Lancar Pinjaman Bank Jangka Panjang - BTN', 'D', 5, '2010701', 0.00, 'R'),
	(17, '2015-12-31', '2010702', '21702', 'Bagian Lancar Pinjaman Non Bank Jangka Panjang', 'G', 4, '20107', 0.00, 'R'),
	(17, '2015-12-31', '2010703', '21799', 'Bagian Lancar Pinjaman Jangka Panjang Lainnya', 'G', 4, '20107', 0.00, 'R'),
	(17, '2015-12-31', '20108', '219', 'Utang Lancar Lainnya', 'D', 3, '201', 0.00, 'R'),
	(17, '2015-12-31', '202', '22', 'LIABILITAS TIDAK LANCAR', 'G', 2, '2', 0.00, 'R'),
	(17, '2015-12-31', '20201', '221', 'Pinjaman Jangka Panjang', 'G', 3, '202', 0.00, 'R'),
	(17, '2015-12-31', '2020101', '22101', 'Pinjaman Bank Jangka Panjang', 'G', 4, '20201', 0.00, 'R'),
	(17, '2015-12-31', '202010101', '2210101', 'Pinjaman Bank Jangka Panjang - BCA', 'D', 5, '2020101', 0.00, 'R'),
	(17, '2015-12-31', '202010102', '2210102', 'Pinjaman Bank Jangka Panjang - BTN', 'D', 5, '2020101', 0.00, 'R'),
	(17, '2015-12-31', '2020102', '22102', 'Pinjaman Non Bank Jangka Panjang', 'G', 4, '20201', 0.00, 'R'),
	(17, '2015-12-31', '202010201', '2210202', 'Pinjaman Pemegang Saham Jangka Panjang - Shahla Ro', 'D', 5, '2020102', 0.00, 'R'),
	(17, '2015-12-31', '2020103', '22199', 'Pinjaman Jangka Panjang Lainnya', 'D', 4, '20201', 0.00, 'R'),
	(17, '2015-12-31', '20202', '229', 'Utang Tidak Lancar Lainnya', 'D', 3, '202', 0.00, 'R'),
	(17, '2015-12-31', '3', '3', 'EKUITAS', 'G', 1, '0', 0.00, 'R'),
	(17, '2015-12-31', '301', '31', 'Modal Ditempatkan & Disetor', 'G', 2, '3', 0.00, 'R'),
	(17, '2015-12-31', '30101', '3101', 'Modal Ditempatkan & Disetor - Lusiana', 'D', 3, '301', 0.00, 'R'),
	(17, '2015-12-31', '30102', '3102', 'Modal Ditempatkan & Disetor - Shahla Rooswita', 'D', 3, '301', 0.00, 'R'),
	(17, '2015-12-31', '302', '32', 'Uang Muka Setoran Modal', 'D', 2, '3', 0.00, 'R'),
	(17, '2015-12-31', '303', '39', 'Saldo Laba (Rugi)', 'D', 2, '3', 0.00, 'R'),
	(17, '2015-12-31', '30301', '3901', 'Laba Ditahan', 'D', 3, '303', 0.00, 'R'),
	(17, '2015-12-31', '30302', '3909', 'Laba (Rugi) Tahun Berjalan', 'D', 3, '303', 0.00, 'R'),
	(17, '2015-12-31', '40105', '4999', ' Kelebihan tanah', 'D', 3, '401', 0.00, 'R'),
	(17, '2015-12-31', '40104', '4904', 'Type D (type 50/84)', 'D', 3, '401', 0.00, 'R'),
	(17, '2015-12-31', '40103', '4903', 'Type C (type 48/90)', 'D', 3, '401', 0.00, 'R'),
	(17, '2015-12-31', '40102', '4902', 'Type B (type 43/72)', 'D', 3, '401', 0.00, 'R'),
	(17, '2015-12-31', '40101', '4901', 'Type A (type 55/96)', 'D', 3, '401', 0.00, 'R'),
	(17, '2015-12-31', '401', '49', 'Penjualan Unit', 'G', 2, '4', 0.00, 'R'),
	(17, '2015-12-31', '4', '4', 'PENDAPATAN', 'G', 1, '0', 0.00, 'R'),
	(17, '2015-12-31', '20103020302', '20103020302', 'Utang karyawan lainnya', 'D', 6, '201030203', 0.00, 'R');
/*!40000 ALTER TABLE `web_temp_perkiraan` ENABLE KEYS */;
/*!40101 SET SQL_MODE=IFNULL(@OLD_SQL_MODE, '') */;
/*!40014 SET FOREIGN_KEY_CHECKS=IF(@OLD_FOREIGN_KEY_CHECKS IS NULL, 1, @OLD_FOREIGN_KEY_CHECKS) */;
/*!40101 SET CHARACTER_SET_CLIENT=@OLD_CHARACTER_SET_CLIENT */;
